1,1,1,MÌstop¯edseda klubu »MSS,2
2,1,2,P¯edseda klubu »MSS,1
3,2,1,MÌstop¯edseda klubu »MUS,2
4,2,2,P¯edseda klubu »MUS,1
5,3,1,MÌstop¯edseda klubu »SSD,2
6,3,2,P¯edseda klubu »SSD,1
7,4,1,MÌstop¯edseda klubu HSDMS,2
8,4,2,P¯edseda klubu HSDMS,1
9,5,1,MÌstop¯edseda klubu HSD-SMS,2
10,5,2,P¯edseda klubu HSD-SMS,1
11,6,1,MÌstop¯edseda klubu KDS,2
12,6,2,P¯edseda klubu KDS,1
13,7,1,MÌstop¯edseda klubu KDS1,2
14,7,2,P¯edseda klubu KDS1,1
15,8,1,MÌstop¯edseda klubu KDU-»SL,2
16,8,2,P¯edseda klubu KDU-»SL,1
17,9,1,MÌstop¯edseda klubu KS»M,2
18,9,2,P¯edseda klubu KS»M,1
19,10,1,MÌstop¯edseda klubu LB,2
20,10,2,P¯edseda klubu LB,1
21,11,1,MÌstop¯edseda klubu LSNS,2
22,11,2,P¯edseda klubu LSNS,1
23,12,1,MÌstop¯edseda klubu LSU,2
24,12,2,P¯edseda klubu LSU,1
25,13,1,MÌstop¯edseda klubu Neza¯az,2
26,13,2,P¯edseda klubu Neza¯az,1
27,14,1,MÌstop¯edseda klubu ODA,2
28,14,2,P¯edseda klubu ODA,1
29,15,1,MÌstop¯edseda klubu ODS,2
30,15,2,P¯edseda klubu ODS,1
31,16,1,MÌstop¯edseda klubu ONH,2
32,16,2,P¯edseda klubu ONH,1
33,17,1,MÌstop¯edseda klubu SPR-RS»,2
34,17,2,P¯edseda klubu SPR-RS»,1
35,18,3,MÌstop¯edseda komise SKBA,2
36,18,4,OvÏ¯ovatel komise SKBA,5
37,18,5,P¯edseda komise SKBA,1
38,19,3,MÌstop¯edseda komise SKBI,2
39,19,4,OvÏ¯ovatel komise SKBI,5
40,19,5,P¯edseda komise SKBI,1
41,20,3,MÌstop¯edseda komise SKDP,2
42,20,4,OvÏ¯ovatel komise SKDP,5
43,20,5,P¯edseda komise SKDP,1
44,21,3,MÌstop¯edseda komise SKPK,2
45,21,4,OvÏ¯ovatel komise SKPK,5
46,21,5,P¯edseda komise SKPK,1
47,22,3,MÌstop¯edseda komise SKPO,2
48,22,4,OvÏ¯ovatel komise SKPO,5
49,22,5,P¯edseda komise SKPO,1
50,23,3,MÌstop¯edseda komise SKRV,2
51,23,4,OvÏ¯ovatel komise SKRV,5
52,23,5,P¯edseda komise SKRV,1
53,24,3,MÌstop¯edseda komise SKVY,2
54,24,4,OvÏ¯ovatel komise SKVY,5
55,24,5,P¯edseda komise SKVY,1
56,25,3,MÌstop¯edseda komise VKNZ,2
57,25,4,OvÏ¯ovatel komise VKNZ,5
58,25,5,P¯edseda komise VKNZ,1
59,26,3,MÌstop¯edseda komise VKPS,2
60,26,4,OvÏ¯ovatel komise VKPS,5
61,26,5,P¯edseda komise VKPS,1
62,27,6,MÌstop¯edseda v˝boru BBV,2
63,27,7,OvÏ¯ovatel v˝boru BBV,5
64,27,8,P¯edseda v˝boru BBV,1
65,27,9,TajemnÌk-ovÏ¯. v˝boru BBV,3
66,28,6,MÌstop¯edseda v˝boru HV,2
67,28,7,OvÏ¯ovatel v˝boru HV,5
68,28,8,P¯edseda v˝boru HV,1
69,28,9,TajemnÌk-ovÏ¯. v˝boru HV,3
70,29,6,MÌstop¯edseda v˝boru MIV,2
71,29,7,OvÏ¯ovatel v˝boru MIV,5
72,29,8,P¯edseda v˝boru MIV,1
73,29,9,TajemnÌk-ovÏ¯. v˝boru MIV,3
74,30,6,MÌstop¯edseda v˝boru ORGV,2
75,30,7,OvÏ¯ovatel v˝boru ORGV,5
76,30,8,P¯edseda v˝boru ORGV,1
77,30,9,TajemnÌk-ovÏ¯. v˝boru ORGV,3
78,31,6,MÌstop¯edseda v˝boru RV,2
79,31,7,OvÏ¯ovatel v˝boru RV,5
80,31,8,P¯edseda v˝boru RV,1
81,31,9,TajemnÌk-ovÏ¯. v˝boru RV,3
82,32,6,MÌstop¯edseda v˝boru UPV,2
83,32,7,OvÏ¯ovatel v˝boru UPV,5
84,32,8,P¯edseda v˝boru UPV,1
85,32,9,TajemnÌk-ovÏ¯. v˝boru UPV,3
86,33,6,MÌstop¯edseda v˝boru VPLP,2
87,33,7,OvÏ¯ovatel v˝boru VPLP,5
88,33,8,P¯edseda v˝boru VPLP,1
89,33,9,TajemnÌk-ovÏ¯. v˝boru VPLP,3
90,34,6,MÌstop¯edseda v˝boru VSPZ,2
91,34,7,OvÏ¯ovatel v˝boru VSPZ,5
92,34,8,P¯edseda v˝boru VSPZ,1
93,34,9,TajemnÌk-ovÏ¯. v˝boru VSPZ,3
94,35,6,MÌstop¯edseda v˝boru VSRZ,2
95,35,7,OvÏ¯ovatel v˝boru VSRZ,5
96,35,8,P¯edseda v˝boru VSRZ,1
97,35,9,TajemnÌk-ovÏ¯. v˝boru VSRZ,3
98,36,6,MÌstop¯edseda v˝boru VVVK,2
99,36,7,OvÏ¯ovatel v˝boru VVVK,5
100,36,8,P¯edseda v˝boru VVVK,1
101,36,9,TajemnÌk-ovÏ¯. v˝boru VVVK,3
102,37,6,MÌstop¯edseda v˝boru ZAV,2
103,37,7,OvÏ¯ovatel v˝boru ZAV,5
104,37,8,P¯edseda v˝boru ZAV,1
105,37,9,TajemnÌk-ovÏ¯. v˝boru ZAV,3
106,38,6,MÌstop¯edseda v˝boru ZEV,2
107,38,7,OvÏ¯ovatel v˝boru ZEV,5
108,38,8,P¯edseda v˝boru ZEV,1
109,38,9,TajemnÌk-ovÏ¯. v˝boru ZEV,3
110,39,10,MÌstop¯edseda podv˝boru KONT,2
111,39,11,P¯edseda podv˝boru KONT,1
112,40,1,MÌstop¯edseda klubu »SSD,2
113,40,2,P¯edseda klubu »SSD,1
114,41,1,MÌstop¯edseda klubu KDU-»SL,2
115,41,2,P¯edseda klubu KDU-»SL,1
116,42,1,MÌstop¯edseda klubu KS»M,2
117,42,2,P¯edseda klubu KS»M,1
118,43,1,MÌstop¯edseda klubu Neza¯az,2
119,43,2,P¯edseda klubu Neza¯az,1
120,44,1,MÌstop¯edseda klubu ODA,2
121,44,2,P¯edseda klubu ODA,1
122,45,1,MÌstop¯edseda klubu ODS,2
123,45,2,P¯edseda klubu ODS,1
124,46,1,MÌstop¯edseda klubu SPR-RS»,2
125,46,2,P¯edseda klubu SPR-RS»,1
126,47,1,MÌstop¯edseda klubu US,2
127,47,2,P¯edseda klubu US,1
128,48,1,MÌstop¯edseda klubu »SSD,2
129,48,2,P¯edseda klubu »SSD,1
130,49,1,MÌstop¯edseda klubu KDU-»SL,2
131,49,2,P¯edseda klubu KDU-»SL,1
132,50,1,MÌstop¯edseda klubu KS»M,2
133,50,2,P¯edseda klubu KS»M,1
134,51,1,MÌstop¯edseda klubu ODS,2
135,51,2,P¯edseda klubu ODS,1
136,52,1,MÌstop¯edseda klubu US,2
137,52,2,P¯edseda klubu US,1
138,53,3,MÌstop¯edseda komise KVOZ,2
139,53,4,OvÏ¯ovatel komise KVOZ,5
140,53,5,P¯edseda komise KVOZ,1
141,54,3,MÌstop¯edseda komise SKBA,2
142,54,4,OvÏ¯ovatel komise SKBA,5
143,54,5,P¯edseda komise SKBA,1
144,55,3,MÌstop¯edseda komise SKBI,2
145,55,4,OvÏ¯ovatel komise SKBI,5
146,55,5,P¯edseda komise SKBI,1
147,56,3,MÌstop¯edseda komise SKDP,2
148,56,4,OvÏ¯ovatel komise SKDP,5
149,56,5,P¯edseda komise SKDP,1
150,57,3,MÌstop¯edseda komise SKPK,2
151,57,4,OvÏ¯ovatel komise SKPK,5
152,57,5,P¯edseda komise SKPK,1
153,58,3,MÌstop¯edseda komise SKPO,2
154,58,4,OvÏ¯ovatel komise SKPO,5
155,58,5,P¯edseda komise SKPO,1
156,59,3,MÌstop¯edseda komise VKKB,2
157,59,4,OvÏ¯ovatel komise VKKB,5
158,59,5,P¯edseda komise VKKB,1
159,60,3,MÌstop¯edseda komise VKOK,2
160,60,4,OvÏ¯ovatel komise VKOK,5
161,60,5,P¯edseda komise VKOK,1
162,61,3,MÌstop¯edseda komise VKPK,2
163,61,4,OvÏ¯ovatel komise VKPK,5
164,61,5,P¯edseda komise VKPK,1
165,62,3,MÌstop¯edseda komise VKPS,2
166,62,4,OvÏ¯ovatel komise VKPS,5
167,62,5,P¯edseda komise VKPS,1
168,63,3,MÌstop¯edseda komise KVOZ,2
169,63,4,OvÏ¯ovatel komise KVOZ,5
170,63,5,P¯edseda,1
171,64,3,MÌstop¯edseda komise SKBI,2
172,64,4,OvÏ¯ovatel komise SKBI,5
173,64,5,P¯edseda,1
174,65,3,MÌstop¯edseda,2
175,65,4,OvÏ¯ovatel,5
176,65,5,P¯edseda,1
177,66,3,MÌstop¯edseda komise SKPK,2
178,66,4,OvÏ¯ovatel komise SKPK,5
179,66,5,P¯edseda,1
180,67,3,MÌstop¯edseda komise SKPO,2
181,67,4,OvÏ¯ovatel komise SKPO,5
182,67,5,P¯edseda,1
183,68,3,MÌstop¯edseda,2
184,68,4,OvÏ¯ovatel,5
185,68,5,P¯edseda,1
186,69,6,MÌstop¯edseda v˝boru HV,2
187,69,7,OvÏ¯ovatel v˝boru HV,5
188,69,8,P¯edseda v˝boru HV,1
189,69,9,TajemnÌk-ovÏ¯. v˝boru HV,3
190,70,6,MÌstop¯edseda v˝boru MIV,2
191,70,7,OvÏ¯ovatel v˝boru MIV,5
192,70,8,P¯edseda v˝boru MIV,1
193,70,9,TajemnÌk-ovÏ¯. v˝boru MIV,3
194,71,6,MÌstop¯edseda v˝boru ORGV,2
195,71,7,OvÏ¯ovatel v˝boru ORGV,5
196,71,8,P¯edseda v˝boru ORGV,1
197,71,9,TajemnÌk-ovÏ¯. v˝boru ORGV,3
198,72,6,MÌstop¯edseda v˝boru PV,2
199,72,7,OvÏ¯ovatel v˝boru PV,5
200,72,8,P¯edseda v˝boru PV,1
201,72,9,TajemnÌk-ovÏ¯. v˝boru PV,3
202,73,6,MÌstop¯edseda v˝boru RV,2
203,73,7,OvÏ¯ovatel v˝boru RV,5
204,73,8,P¯edseda v˝boru RV,1
205,73,9,TajemnÌk-ovÏ¯. v˝boru RV,3
206,74,6,MÌstop¯edseda v˝boru UPV,2
207,74,7,OvÏ¯ovatel v˝boru UPV,5
208,74,8,P¯edseda v˝boru UPV,1
209,74,9,TajemnÌk-ovÏ¯. v˝boru UPV,3
210,75,6,MÌstop¯edseda v˝boru VOB,2
211,75,7,OvÏ¯ovatel v˝boru VOB,5
212,75,8,P¯edseda v˝boru VOB,1
213,75,9,TajemnÌk-ovÏ¯. v˝boru VOB,3
214,76,6,MÌstop¯edseda v˝boru VSPZ,2
215,76,7,OvÏ¯ovatel v˝boru VSPZ,5
216,76,8,P¯edseda v˝boru VSPZ,1
217,76,9,TajemnÌk-ovÏ¯. v˝boru VSPZ,3
218,77,6,MÌstop¯edseda v˝boru VSRZ,2
219,77,7,OvÏ¯ovatel v˝boru VSRZ,5
220,77,8,P¯edseda v˝boru VSRZ,1
221,77,9,TajemnÌk-ovÏ¯. v˝boru VSRZ,3
222,78,6,MÌstop¯edseda v˝boru VVVK,2
223,78,7,OvÏ¯ovatel v˝boru VVVK,5
224,78,8,P¯edseda v˝boru VVVK,1
225,78,9,TajemnÌk-ovÏ¯. v˝boru VVVK,3
226,79,6,MÌstop¯edseda v˝boru ZAV,2
227,79,7,OvÏ¯ovatel v˝boru ZAV,5
228,79,8,P¯edseda v˝boru ZAV,1
229,79,9,TajemnÌk-ovÏ¯. v˝boru ZAV,3
230,80,6,MÌstop¯edseda v˝boru ZEV,2
231,80,7,OvÏ¯ovatel v˝boru ZEV,5
232,80,8,P¯edseda v˝boru ZEV,1
233,80,9,TajemnÌk-ovÏ¯. v˝boru ZEV,3
234,81,6,MÌstop¯edseda v˝boru HV,2
235,81,7,OvÏ¯ovatel v˝boru HV,5
236,81,8,P¯edseda v˝boru HV,1
237,81,9,TajemnÌk-ovÏ¯. v˝boru HV,3
238,82,6,MÌstop¯edseda v˝boru MIV,2
239,82,7,OvÏ¯ovatel v˝boru MIV,5
240,82,8,P¯edseda v˝boru MIV,1
241,82,9,TajemnÌk-ovÏ¯. v˝boru MIV,3
242,83,6,MÌstop¯edseda v˝boru ORGV,2
243,83,7,OvÏ¯ovatel v˝boru ORGV,5
244,83,8,P¯edseda v˝boru ORGV,1
245,83,9,TajemnÌk-ovÏ¯. v˝boru ORGV,4
246,84,6,MÌstop¯edseda v˝boru PV,2
247,84,7,OvÏ¯ovatel v˝boru PV,5
248,84,8,P¯edseda v˝boru PV,1
249,84,9,TajemnÌk-ovÏ¯. v˝boru PV,3
250,85,6,MÌstop¯edseda v˝boru RV,2
251,85,7,OvÏ¯ovatel v˝boru RV,5
252,85,8,P¯edseda v˝boru RV,1
253,85,9,TajemnÌk-ovÏ¯. v˝boru RV,3
254,86,6,MÌstop¯edseda v˝boru UPV,2
255,86,7,OvÏ¯ovatel v˝boru UPV,5
256,86,8,P¯edseda v˝boru UPV,1
257,86,9,TajemnÌk-ovÏ¯. v˝boru UPV,3
258,87,6,MÌstop¯edseda v˝boru VEI,2
259,87,7,OvÏ¯ovatel v˝boru VEI,5
260,87,8,P¯edseda v˝boru VEI,1
261,87,9,TajemnÌk-ovÏ¯. v˝boru VEI,3
262,88,6,MÌstop¯edseda v˝boru VOB,2
263,88,7,OvÏ¯ovatel v˝boru VOB,5
264,88,8,P¯edseda v˝boru VOB,1
265,88,9,TajemnÌk-ovÏ¯. v˝boru VOB,3
266,89,6,MÌstop¯edseda v˝boru VSPZ,2
267,89,7,OvÏ¯ovatel v˝boru VSPZ,5
268,89,8,P¯edseda v˝boru VSPZ,1
269,89,9,TajemnÌk-ovÏ¯. v˝boru VSPZ,3
270,90,6,MÌstop¯edseda v˝boru VSRZ,2
271,90,7,OvÏ¯ovatel v˝boru VSRZ,5
272,90,8,P¯edseda v˝boru VSRZ,1
273,90,9,TajemnÌk-ovÏ¯. v˝boru VSRZ,3
274,91,6,MÌstop¯edseda v˝boru VVVK,2
275,91,7,OvÏ¯ovatel v˝boru VVVK,5
276,91,8,P¯edseda v˝boru VVVK,1
277,91,9,TajemnÌk-ovÏ¯. v˝boru VVVK,3
278,92,6,MÌstop¯edseda v˝boru ZAV,2
279,92,7,OvÏ¯ovatel v˝boru ZAV,5
280,92,8,P¯edseda v˝boru ZAV,1
281,92,9,TajemnÌk-ovÏ¯. v˝boru ZAV,3
282,93,6,MÌstop¯edseda v˝boru ZEV,2
283,93,7,OvÏ¯ovatel v˝boru ZEV,5
284,93,8,P¯edseda v˝boru ZEV,1
285,93,9,TajemnÌk-ovÏ¯. v˝boru ZEV,3
286,94,10,MÌstop¯edseda podv˝boru ZS,2
287,94,11,P¯edseda podv˝boru ZS,1
288,95,10,MÌstop¯edseda podv˝boru VE,2
289,95,11,P¯edseda podv˝boru VE,1
290,96,10,MÌstop¯edseda podv˝boru HER,2
291,96,11,P¯edseda podv˝boru HER,1
292,97,10,MÌstop¯edseda podv˝boru VVS,2
293,97,11,P¯edseda podv˝boru VVS,1
294,98,10,MÌstop¯edseda podv˝boru MRV,2
295,98,11,P¯edseda podv˝boru MRV,1
296,99,10,MÌstop¯edseda podv˝boru RV,2
297,99,11,P¯edseda podv˝boru RV,1
298,100,10,MÌstop¯edseda podv˝boru TPIS,2
299,100,11,P¯edseda podv˝boru TPIS,1
300,101,10,MÌstop¯edseda podv˝boru DO,2
301,101,11,P¯edseda podv˝boru DO,1
302,102,10,MÌstop¯edseda podv˝boru PPL,2
303,102,11,P¯edseda podv˝boru PPL,1
304,103,10,MÌstop¯edseda podv˝boru PS,2
305,103,11,P¯edseda podv˝boru PS,1
306,104,10,MÌstop¯edseda podv˝boru EP,2
307,104,11,P¯edseda podv˝boru EP,1
308,105,10,MÌstop¯edseda podv˝boru OCR,2
309,105,11,P¯edseda podv˝boru OCR,1
310,106,10,MÌstop¯edseda podv˝boru SKR,2
311,106,11,P¯edseda podv˝boru SKR,1
312,107,10,MÌstop¯edseda podv˝boru PCR,2
313,107,11,P¯edseda podv˝boru PCR,1
314,108,10,MÌstop¯edseda podv˝boru SK,2
315,108,11,P¯edseda podv˝boru SK,1
316,109,10,MÌstop¯edseda podv˝boru KU,2
317,109,11,P¯edseda podv˝boru KU,1
318,110,10,MÌstop¯edseda podv˝boru ML,2
319,110,11,P¯edseda podv˝boru ML,1
320,111,10,MÌstop¯edseda podv˝boru TV,2
321,111,11,P¯edseda podv˝boru TV,1
322,112,10,MÌstop¯edseda podv˝boru PZ,2
323,112,11,P¯edseda podv˝boru PZ,1
324,113,10,MÌstop¯edseda podv˝boru SV,2
325,113,11,P¯edseda podv˝boru SV,1
326,114,10,MÌstop¯edseda podv˝boru RPS,2
327,114,11,P¯edseda podv˝boru RPS,1
328,115,10,MÌstop¯edseda podv˝boru éP,2
329,115,11,P¯edseda podv˝boru éP,1
330,116,10,MÌstop¯edseda podv˝boru REG,2
331,116,11,P¯edseda podv˝boru REG,1
332,117,10,MÌstop¯edseda podv˝boru VS,2
333,117,11,P¯edseda podv˝boru VS,1
334,118,10,MÌstop¯edseda podv˝boru BP,2
335,118,11,P¯edseda podv˝boru BP,1
336,119,10,MÌstop¯edseda podv˝boru SUR,2
337,119,11,P¯edseda podv˝boru SUR,1
338,120,10,MÌstop¯edseda podv˝boru LEKPOL,2
339,120,11,P¯edseda podv˝boru LEKPOL,1
340,121,10,MÌstop¯edseda podv˝boru ROD,2
341,121,11,P¯edseda podv˝boru ROD,1
342,122,10,MÌstop¯edseda podv˝boru ZDRPOS,2
343,122,11,P¯edseda podv˝boru ZDRPOS,1
344,123,10,MÌstop¯edseda podv˝boru INVDOT,2
345,123,11,P¯edseda podv˝boru INVDOT,1
346,124,10,MÌstop¯edseda podv˝boru KONT,2
347,124,11,P¯edseda podv˝boru KONT,1
348,125,10,MÌstop¯edseda podv˝boru KFT,2
349,125,11,P¯edseda podv˝boru KFT,1
350,126,10,MÌstop¯edseda podv˝boru ZJR,2
351,126,11,P¯edseda podv˝boru ZJR,1
352,127,10,MÌstop¯edseda podv˝boru ZS,2
353,127,11,P¯edseda podv˝boru ZS,1
354,128,10,MÌstop¯edseda podv˝boru ISCP,2
355,128,11,P¯edseda podv˝boru ISCP,1
356,129,10,MÌstop¯edseda podv˝boru VE,2
357,129,11,P¯edseda podv˝boru VE,1
358,130,10,MÌstop¯edseda podv˝boru NAR,2
359,130,11,P¯edseda podv˝boru NAR,1
360,131,10,MÌstop¯edseda podv˝boru LPS,2
361,131,11,P¯edseda podv˝boru LPS,1
362,132,10,MÌstop¯edseda podv˝boru MEL,2
363,132,11,P¯edseda podv˝boru MEL,1
364,133,12,N·hradnÌk delegace RE,6
365,133,13,P¯edseda delegace RE,1
366,133,14,VedoucÌ delegace RE,4
367,134,12,N·hradnÌk delegace OBS,6
368,134,13,P¯edseda delegace OBS,1
369,134,14,VedoucÌ delegace OBS,4
370,135,12,N·hradnÌk delegace EP,6
371,135,13,P¯edseda delegace EP,1
372,135,14,VedoucÌ delegace EP,4
373,136,12,N·hradnÌk delegace SAS,6
374,136,13,P¯edseda delegace SAS,1
375,136,14,VedoucÌ delegace SAS,4
376,137,12,N·hradnÌk delegace MPU,6
377,137,13,P¯edseda delegace MPU,1
378,137,14,VedoucÌ delegace MPU,4
379,138,12,N·hradnÌk delegace ZEU,6
380,138,13,P¯edseda delegace ZEU,1
381,138,14,VedoucÌ delegace ZEU,4
382,139,12,N·hradnÌk delegace SI,6
383,139,13,P¯edseda delegace SI,1
384,139,14,VedoucÌ delegace SI,4
385,140,12,N·hradnÌk delegace RE,6
386,140,13,P¯edseda delegace RE,1
387,140,14,VedoucÌ delegace RE,4
388,141,12,N·hradnÌk delegace OBS,6
389,141,13,P¯edseda delegace OBS,1
390,141,14,VedoucÌ delegace OBS,4
391,142,12,N·hradnÌk delegace EP,6
392,142,13,P¯edseda delegace EP,1
393,142,14,VedoucÌ delegace EP,4
465,142,21,Z·stupce vedoucÌho delegace,5
394,143,12,N·hradnÌk delegace SAS,6
395,143,13,P¯edseda delegace SAS,1
396,143,14,VedoucÌ delegace SAS,4
397,144,12,N·hradnÌk delegace MPU,6
398,144,13,P¯edseda delegace MPU,1
399,144,14,VedoucÌ delegace MPU,4
400,145,12,N·hradnÌk delegace ZEU,6
401,145,13,P¯edseda delegace ZEU,1
402,145,14,VedoucÌ delegace ZEU,4
403,146,12,N·hradnÌk delegace SI,6
404,146,13,P¯edseda delegace SI,1
405,146,14,VedoucÌ delegace SI,4
406,147,15,P¯edseda vl·dy Vl·da»R,1
407,148,15,P¯edseda vl·dy Vl·da»R,1
1032,148,96,Ministr,201
1033,148,57,Ministr zemÏdÏlstvÌ,116
1034,148,56,Ministr kultury,106
1035,148,53,Ministr financÌ,104
1036,148,64,Ministr obrany,107
1037,148,62,Ministr spravedlnosti,112
1038,148,61,Ministr ûivotnÌho prost¯edÌ,117
1039,148,36,MÌstop¯edseda,2
1040,148,65,Ministr ökolstvÌ: ml·deûe a tÏlov˝chovy,111
1041,148,55,Ministr pro mÌstnÌ rozvoj,109
1042,148,63,Ministr dopravy a spoj˘,102
1043,148,113,Ministr hospod·¯stvÌ,105
408,149,15,P¯edseda vl·dy,1
628,149,36,MÌstop¯edseda vl·dy,2
647,149,53,Ministr financÌ,4
648,149,56,Ministr kultury,5
649,149,64,Ministr obrany,6
650,149,63,Ministr dopravy a spoj˘,3
651,149,52,Ministr pr·ce a soci·lnÌch vÏcÌ,7
652,149,55,Ministr pro mÌstnÌ rozvoj,8
653,149,59,Ministr pr˘myslu a obchodu,9
654,149,65,Ministr ökolstvÌ: ml·deûe a tÏlov˝chovy,10
655,149,62,Ministr spravedlnosti,11
656,149,54,Ministr zahraniËnÌch vÏcÌ,13
657,149,58,Ministr zdravotnictvÌ,14
658,149,57,Ministr zemÏdÏlstvÌ,15
659,149,61,Ministr ûivotnÌho prost¯edÌ,16
660,149,60,Ministr vnitra,12
662,149,69,»len vl·dy,200
409,165,16,MÌstop¯edseda PoslaneckÈ snÏmovny PSP1,2
410,165,17,OvÏ¯ovatel PoslaneckÈ snÏmovny PSP1,5
411,165,18,P¯edseda PoslaneckÈ snÏmovny PSP1,1
412,166,16,MÌstop¯edseda PoslaneckÈ snÏmovny PSP2,2
413,166,17,OvÏ¯ovatel PoslaneckÈ snÏmovny PSP2,5
414,166,18,P¯edseda PoslaneckÈ snÏmovny PSP2,1
415,167,16,MÌstop¯edseda PoslaneckÈ snÏmovny PSP3,2
416,167,17,OvÏ¯ovatel PoslaneckÈ snÏmovny PSP3,5
417,167,18,P¯edseda PoslaneckÈ snÏmovny PSP3,1
755,168,18,P¯edseda,1
756,168,16,MÌstop¯edseda,2
757,168,17,OvÏ¯ovatel,5
1065,169,18,P¯edseda,1
1066,169,16,MÌstop¯edseda,10
1132,169,16,1. mistopredseda,2
1133,169,16,2. mistopredseda,3
1134,169,16,3. mistopredseda,4
1135,169,16,4. mistopredseda,5
1136,169,16,5. mistopredseda,6
1458,170,18,P¯edseda,1
1459,170,16,MÌstop¯edseda,9
1460,170,17,OvÏ¯ovatel,10
1462,170,16,1. mÌstop¯edseda,2
1463,170,16,2. mÌstop¯edseda,3
1464,170,16,3. mÌstop¯edseda,4
1758,171,18,P¯edseda,1
1759,171,16,2. mÌstop¯edseda,6
1760,171,17,OvÏ¯ovatel,50
1804,171,16,1. mÌstop¯edseda,5
1857,171,16,3. mÌstop¯edseda,7
1858,171,16,4. mÌstop¯edseda,8
422,172,19,P¯edseda ParlamentnÌ skupiny p¯·tel »R - »Ìna,1
421,173,19,P¯edseda ParlamentnÌ skupiny p¯·tel »R - Bulharsko,1
420,174,19,P¯edseda ParlamentnÌ skupiny p¯·tel »R - BENELUX,1
447,174,20,MÌstop¯edseda ParlamentnÌ skupiny p¯·tel »R - BENELUX,2
419,175,19,P¯edseda ParlamentnÌ skupiny p¯·tel »R - zemÏ ASEANu,1
446,175,20,MÌstop¯edseda ParlamentnÌ skupiny p¯·tel »R - zemÏ ASEANu,2
424,176,19,P¯edseda ParlamentnÌ skupiny p¯·tel »R - Island,1
425,177,19,P¯edsedkynÏ ParlamentnÌ skupiny p¯·tel »R - Izrael,1
462,178,19,P¯edseda ParlamentnÌ skupiny p¯·tel »R - Francie,1
427,179,19,P¯edseda ParlamentnÌ skupiny p¯·tel »R - Kuvajt,1
426,180,19,P¯edsedkynÏ ParlamentnÌ skupiny p¯·tel »R - Kuba,1
454,180,20,MÌstop¯edseda ParlamentnÌ skupiny p¯·tel »R - Kuba,2
428,181,19,P¯edseda ParlamentnÌ skupiny p¯·tel »R - Kypr,1
430,182,19,P¯edseda ParlamentnÌ skupiny p¯·tel »R - Litva,1
431,183,19,P¯edsedkynÏ ParlamentnÌ skupiny p¯·tel »R - Mongolsko,1
432,184,19,P¯edseda ParlamentnÌ skupiny p¯·tel »R - NÏmecko,1
448,184,20,MÌstop¯edseda ParlamentnÌ skupiny p¯·tel »R - NÏmecko,2
433,185,19,P¯edseda ParlamentnÌ skupiny p¯·tel »R - Norsko,1
434,186,19,P¯edseda ParlamentnÌ skupiny p¯·tel »R - Polsko,1
449,186,20,MÌstop¯edseda ParlamentnÌ skupiny p¯·tel »R - Polsko,2
435,187,19,P¯edseda ParlamentnÌ skupiny p¯·tel »R - Portugalsko,1
436,188,19,P¯edseda ParlamentnÌ skupiny p¯·tel »R - Rakousko,1
450,188,20,MÌstop¯edseda ParlamentnÌ skupiny p¯·tel »R - Rakousko,2
437,189,19,P¯edseda ParlamentnÌ skupiny p¯·tel »R - Rumunsko,1
438,190,19,P¯edseda ParlamentnÌ skupiny p¯·tel »R - Rusk· federace,1
451,190,20,MÌstop¯edseda ParlamentnÌ skupiny p¯·tel »R - Rusk· federace,2
439,191,19,P¯edseda ParlamentnÌ skupiny p¯·tel »R - ÿecko,1
440,192,19,P¯edseda ParlamentnÌ skupiny p¯·tel »R - Slovensko,1
452,192,20,MÌstop¯edseda ParlamentnÌ skupiny p¯·tel »R - Slovensko,2
441,193,19,P¯edseda ParlamentnÌ skupiny p¯·tel »R - ävÈdsko,1
442,194,19,P¯edseda ParlamentnÌ skupiny p¯·tel »R - äv˝carsko,1
443,195,19,P¯edseda ParlamentnÌ skupiny p¯·tel »R - Ukrajina,1
444,196,19,P¯edseda ParlamentnÌ skupiny p¯·tel »R - USA,1
445,197,19,P¯edsedkynÏ ParlamentnÌ skupiny p¯·tel »R - Velk· Brit·nie,1
453,197,20,MÌstop¯edseda parlamentnÌ skupiny p¯·tel »R - Velk· Brit·nie,2
476,198,19,P¯edseda ParlamentnÌ skupiny p¯·tel »R - Irsko,1
455,200,19,P¯edseda ParlamentnÌ skupiny p¯·tel »R - Slovinsko,1
456,200,20,MÌstop¯edseda ParlamentnÌ skupiny p¯·tel »R - Slovinsko,2
466,203,19,P¯edseda ParlamentnÌ skupiny p¯·tel »R - MaÔarsko,1
457,206,19,P¯edseda ParlamentnÌ skupiny p¯·tel »R - Chorvatsko,1
463,209,19,P¯edsedkynÏ ParlamentnÌ skupiny p¯·tel »R - Turecko,1
458,211,19,P¯edseda ParlamentnÌ skupiny p¯·tel »R - Austr·lie a Nov˝ ZÈland,1
459,213,19,P¯edseda ParlamentnÌ skupiny p¯·tel »R - Jihoafrick· republika,1
460,215,19,p¯edseda ParlamentnÌ skupiny p¯·tel »R - Libanon,1
473,216,19,P¯edseda ParlamentnÌ skupiny p¯·tel »R - Egypt,1
474,216,20,MÌstop¯edseda ParlamentnÌ skupiny p¯·tel »R - Egypt,2
461,219,19,P¯edseda ParlamentnÌ skupiny p¯·tel »R - Maroko,1
464,220,5,P¯edseda,1
678,222,19,P¯edseda ParlamentnÌ skupiny p¯·tel »R - ArmÈnie,1
679,222,20,MÌstop¯edseda ParlamentnÌ skupiny p¯·tel »R - ArmÈnie,2
467,223,19,P¯edseda ParlamentnÌ skupiny p¯·tel »R - BÏlorusko,1
468,223,20,MÌstop¯edseda ParlamentnÌ skupiny p¯·tel »R - BÏlorusko,2
469,224,19,P¯edseda ParlamentnÌ skupiny p¯·tel »R - Jugosl·vie,1
470,225,19,P¯edseda ParlamentnÌ skupiny p¯·tel »R - Kazachst·n,1
472,226,19,P¯edseda ParlamentnÌ skupiny p¯·tel »R - Vietnam,1
471,227,19,P¯edseda ParlamentnÌ skupiny p¯·tel »R - KLDR,1
682,282,79,P¯edseda,1
683,282,80,MÌstop¯edseda,2
680,283,79,P¯edseda,1
681,283,80,MÌstop¯edseda,2
673,284,29,P¯edseda N·rodnÌho shrom·ûdÏnÌ,1
674,284,30,MÌstop¯edseda N·rodnÌho shrom·ûdÏnÌ,2
671,285,29,P¯edseda N·rodnÌho shrom·ûdÏnÌ,1
672,285,30,MÌstop¯edseda N·rodnÌho shrom·ûdÏnÌ,2
686,286,83,P¯edseda,1
687,286,84,MÌstop¯edseda,2
684,287,81,P¯edseda,1
685,287,82,MÌstop¯edseda,2
626,289,29,P¯edseda N·rodnÌho shrom·ûdÏnÌ,1
627,289,30,MÌstop¯edseda N·rodnÌho shrom·ûdÏnÌ,5
623,291,29,P¯edseda N·rodnÌho shrom·ûdÏnÌ,1
624,291,30,MÌstop¯edseda N·rodnÌho shrom·ûdÏnÌ,5
625,291,31,Zapisovatel N·rodnÌho shrom·ûdÏnÌ,10
563,293,29,P¯edseda N·rodnÌho shrom·ûdÏnÌ,1
564,293,30,MÌstop¯edseda N·rodnÌho shrom·ûdÏnÌ,5
565,293,31,Zapisovatel N·rodnÌho shrom·ûdÏnÌ,10
566,293,32,Po¯adatel N·rodnÌho shrom·ûdÏnÌ,15
559,295,29,P¯edseda N·rodnÌho shrom·ûdÏnÌ,1
560,295,30,MÌstop¯edseda N·rodnÌho shrom·ûdÏnÌ,5
561,295,31,Zapisovatel N·rodnÌho shrom·ûdÏnÌ,10
562,295,32,Po¯adatel N·rodnÌho shrom·ûdÏnÌ,15
478,296,25,P¯edseda N·rodnÌho shrom·ûdÏnÌ,1
479,296,26,MÌstop¯edseda N·rodnÌho shrom·ûdÏnÌ,2
553,296,27,Zapisovatel N·rodnÌho shrom·ûdÏnÌ,40
554,296,28,Po¯adatel N·rodnÌho shrom·ûdÏnÌ,50
475,299,11,p¯edseda podv˝boru,1
477,301,19,P¯edsedkynÏ ParlamentnÌ skupiny p¯·tel »R - Frankofonie,1
480,302,23,P¯edseda v˝boru,1
481,302,22,MÌstop¯edseda v˝boru,2
482,302,24,Zapisovatel v˝boru,5
483,303,23,P¯edseda v˝boru,1
484,303,22,MÌstop¯edseda v˝boru,2
485,304,23,P¯edseda v˝boru,1
486,304,22,MÌstop¯edseda v˝boru,2
487,305,23,P¯edseda v˝boru,1
488,305,22,MÌstop¯edseda v˝boru,2
491,306,23,P¯edseda v˝boru,1
492,306,22,MÌstop¯edseda v˝boru,2
558,306,24,Zapisovatel v˝boru,5
493,307,23,P¯edseda v˝boru,1
494,307,22,MÌstop¯edseda v˝boru,2
495,308,23,P¯edseda v˝boru,1
496,308,22,MÌstop¯edseda v˝boru,2
497,309,23,P¯edseda v˝boru,1
498,309,22,MÌstop¯edseda v˝boru,2
499,310,23,P¯edseda v˝boru,1
500,310,22,MÌstop¯edseda v˝boru,2
501,311,23,P¯edseda v˝boru,1
502,311,22,MÌstop¯edseda v˝boru,2
503,312,23,P¯edseda v˝boru,1
504,312,22,MÌstop¯edseda v˝boru,2
505,313,23,P¯edseda v˝boru,1
506,313,22,MÌstop¯edseda v˝boru,2
507,314,23,P¯edseda v˝boru,1
508,314,22,MÌstop¯edseda v˝boru,2
509,315,23,P¯edseda v˝boru,1
510,315,22,MÌstop¯edseda v˝boru,2
547,315,24,Zapisovatel v˝boru,5
511,316,23,P¯edseda v˝boru,1
512,316,22,MÌstop¯edseda v˝boru,2
556,316,24,Zapisovatel v˝boru,5
513,317,23,P¯edseda v˝boru,1
514,317,22,MÌstop¯edseda v˝boru,2
515,318,23,P¯edseda v˝boru,1
516,318,22,MÌstop¯edseda v˝boru,2
517,319,23,P¯edseda v˝boru,1
518,319,22,MÌstop¯edseda v˝boru,2
519,320,23,P¯edseda v˝boru,1
520,320,22,MÌstop¯edseda v˝boru,2
521,321,23,P¯edseda v˝boru,1
522,321,22,MÌstop¯edseda v˝boru,2
552,321,24,Zapisovatel v˝boru,5
523,322,23,P¯edseda v˝boru,1
524,322,22,MÌstop¯edseda v˝boru,2
525,323,23,P¯edseda v˝boru,1
526,323,22,MÌstop¯edseda v˝boru,2
527,324,23,P¯edseda v˝boru,1
528,324,22,MÌstop¯edseda v˝boru,2
531,325,23,P¯edseda v˝boru,1
532,325,22,MÌstop¯edseda v˝boru,2
529,326,23,P¯edseda v˝boru,1
530,326,22,MÌstop¯edseda v˝boru,2
533,327,23,P¯edseda v˝boru,1
534,327,22,MÌstop¯edseda v˝boru,2
535,328,23,P¯edseda v˝boru,1
536,328,22,MÌstop¯edseda v˝boru,2
537,329,23,P¯edseda v˝boru,1
538,329,22,MÌstop¯edseda v˝boru,2
555,329,24,Zapisovatel v˝boru,5
489,330,23,P¯edseda v˝boru,1
490,330,22,MÌstop¯edseda v˝boru,2
539,331,23,P¯edseda v˝boru,1
540,331,22,MÌstop¯edseda v˝boru,2
541,332,23,P¯edseda v˝boru,1
542,332,22,MÌstop¯edseda v˝boru,2
567,334,23,P¯edseda,1
568,334,22,MÌstop¯edseda,2
543,335,23,P¯edseda v˝boru,1
544,335,22,MÌstop¯edseda v˝boru,2
545,336,23,P¯edseda v˝boru,1
546,336,22,MÌstop¯edseda v˝boru,2
548,361,23,P¯edseda v˝boru,1
549,361,22,MÌstop¯edseda v˝boru,2
575,374,33,P¯edseda,1
576,374,34,MÌstop¯edseda,2
577,374,35,Zapisovatel,10
578,375,33,P¯edseda,1
579,375,34,MÌstop¯edseda,2
580,375,35,Zapisovatel,10
569,376,33,P¯edseda,1
570,376,34,MÌstop¯edseda,2
571,376,35,Zapisovatel,10
572,377,33,P¯edseda,1
573,377,34,MÌstop¯edseda,2
574,377,35,Zapisovatel,10
581,378,33,P¯edseda,1
582,378,34,MÌstop¯edseda,2
583,378,35,Zapisovatel,10
584,379,33,P¯edseda,1
585,379,34,MÌstop¯edseda,2
586,379,35,Zapisovatel,10
593,380,33,P¯edseda,1
594,380,34,MÌstop¯edseda,2
595,380,35,Zapisovatel,10
587,381,33,P¯edseda,1
588,381,34,MÌstop¯edseda,2
589,381,35,Zapisovatel,10
590,382,33,P¯edseda,1
591,382,34,MÌstop¯edseda,2
592,382,35,Zapisovatel,10
620,384,33,P¯edseda,1
621,384,34,MÌstop¯edseda,2
622,384,35,Zapisovatel,10
605,385,33,P¯edseda,1
606,385,34,MÌstop¯edseda,2
607,385,35,Zapisovatel,10
614,386,33,P¯edseda,1
615,386,34,MÌstop¯edseda,2
616,386,35,Zapisovatel,10
617,388,33,P¯edseda,1
618,388,34,MÌstop¯edseda,2
619,388,35,Zapisovatel,10
608,389,33,P¯edseda,1
609,389,34,MÌstop¯edseda,2
610,389,35,Zapisovatel,10
602,390,33,P¯edseda,1
603,390,34,MÌstop¯edseda,2
604,390,35,Zapisovatel,10
611,391,33,P¯edseda,1
612,391,34,MÌstop¯edseda,2
613,391,35,Zapisovatel,10
599,392,33,P¯edseda,1
600,392,34,MÌstop¯edseda,2
601,392,35,Zapisovatel,10
596,393,33,P¯edseda,1
597,393,34,MÌstop¯edseda,2
598,393,35,Zapisovatel,10
550,414,23,P¯edseda,1
551,414,22,MÌstop¯edseda,2
557,414,24,Zapisovatel v˝boru,5
663,417,70,Prezident,1
635,420,87,P¯edseda,2
642,422,37,Prezident NK⁄,1
643,422,38,Viceprezident NK⁄,2
644,422,88,»len NK⁄,3
669,423,40,Ve¯ejn˝ ochr·nce pr·v,1
670,423,41,Z·stupce Ve¯ejnÈho ochr·nce pr·v,2
2032,425,87,P¯edseda,1
2033,425,128,MÌstop¯edseda,2
1427,426,87,P¯edseda,1
1428,426,128,MÌstop¯edseda,10
636,429,87,P¯edseda,1
675,429,88,»len,100
637,430,42,ÿeditel,1
645,433,66,P¯edseda,1
646,433,67,PrvnÌ mÌstop¯edseda,2
661,434,68,MÌstop¯edseda,2
676,434,76,»len,100
664,438,71,»len,9
665,438,72,N·hradnÌk,10
666,439,74,N·hradnÌk,10
667,439,89,»len,9
668,440,68,MÌstop¯edseda,2
677,440,76,»len,100
688,446,85,P¯edseda,1
689,446,86,MÌstop¯edseda,2
690,449,5,P¯edseda,1
692,478,5,P¯edseda,1
691,479,5,P¯edseda,1
701,479,3,MÌstop¯edseda,2
693,480,87,P¯edseda,1
694,480,89,»len,100
695,522,5,P¯edseda,1
696,542,19,P¯edseda ParlamentnÌ skupiny p¯·tel »R - Õr·n,1
702,543,87,P¯edseda,1
2031,543,128,MÌstop¯edseda,2
699,573,19,P¯edsedkynÏ ParlamentnÌ skupiny p¯·tel »R - Nizozemsko,1
697,574,8,P¯edseda VV,1
698,574,6,MÌstop¯edseda VV,2
700,574,7,OvÏ¯ovatel VV,10
703,575,11, p¯edseda,1
704,575,10, mÌstop¯edseda,2
705,576,11,p¯edseda podv˝boru pro zdravotnickou informatiku,1
706,576,10,MÌstop¯edseda podv˝boru pro zdravotnickou informatiku,2
709,579,90,Deleg·t,1
710,579,91,N·hradnÌk,10
711,596,2,P¯edseda klubu KS»M,1
715,596,93,1. mÌstop¯edseda,2
716,596,94,2. mÌstop¯edseda,3
719,596,92,»len vedenÌ klubu (1. v po¯adÌ),10
720,596,92,»len vedenÌ klubu (2. v po¯adÌ),11
712,597,2,P¯edseda,1
713,597,1,MÌstop¯edseda (1. v po¯adÌ),2
714,597,1,MÌstop¯edseda (2. v po¯adÌ),3
960,597,1,MÌstop¯edseda (3. v po¯adÌ),4
717,598,2,P¯edseda klubu US-DEU,1
718,598,1,MÌstop¯edseda klubu US-DEU,2
988,598,110,Revizor,500
721,599,2,P¯edseda klubu »SSD,1
722,599,1,MÌstop¯edseda (1. v po¯adÌ),2
723,599,1,MÌstop¯edseda (2. v po¯adÌ),3
724,599,1,MÌstop¯edseda (3. v po¯adÌ),4
725,599,1,MÌstop¯edseda (4. v po¯adÌ),5
726,599,1,MÌstop¯edseda (5. v po¯adÌ),6
727,599,1,MÌstop¯edseda (6. v po¯adÌ),7
940,599,1,MÌstop¯edseda,20
728,600,2,P¯edseda klubu ODS,1
729,600,93,1. mÌstop¯edseda klubu ODS,2
730,600,94,2. mÌstop¯edseda klubu ODS,3
731,600,95,3. mÌstop¯edseda klubu ODS,4
989,600,111,4. mÌstop¯edseda klubu ODS,7
732,601,5,P¯edseda VKPS,1
733,601,3,MÌstop¯edseda VKPS,2
734,601,4,OvÏ¯ovatel komise VKPS,5
735,602,8,p¯edseda,1
736,602,6,mÌstop¯edseda,2
737,602,7,ovÏ¯ovatel v˝boru,3
738,603,15,P¯edseda,1
739,603,36,MÌstop¯edseda,2
740,603,63,Ministr dopravy a spoj˘,102
741,603,53,Ministr financÌ,104
742,603,56,Ministr kultury,106
743,603,64,Ministr obrany,107
744,603,52,Ministr pr·ce a soci·lnÌch vÏcÌ,108
745,603,55,Ministr pro mÌstnÌ rozvoj,109
746,603,59,Ministr pr˘myslu a obchodu,110
747,603,65,Ministr ökolstvÌ: ml·deûe a tÏlov˝chovy,111
748,603,62,Ministr spravedlnosti,112
749,603,60,Ministr vnitra,113
750,603,54,Ministr zahraniËnÌch vÏcÌ,114
751,603,58,Ministr zdravotnictvÌ,115
752,603,57,Ministr zemÏdÏlstvÌ,116
753,603,61,Ministr ûivotnÌho prost¯edÌ,117
754,603,96,Ministr,201
915,603,104,Ministr dopravy,103
916,603,105,Ministr informatiky,105
782,604,8,P¯edseda,1
783,604,6,MÌstop¯edseda,2
778,605,8,P¯edseda,1
779,605,6,MÌstop¯edseda,2
766,606,8,P¯edseda,1
767,606,6,MÌstop¯edseda,2
780,607,8,P¯edseda,1
781,607,6,MÌstop¯edseda,2
758,608,8,P¯edseda,1
759,608,6,MÌstop¯edseda,2
990,608,7,OvÏ¯ovatel,10
774,609,8,P¯edseda,1
775,609,6,MÌstop¯edseda,2
992,609,7,OvÏ¯ovatel v˝boru,3
764,610,8,P¯edseda,1
765,610,6,MÌstop¯edseda,2
993,610,7,OvÏ¯ovatel v˝boru,3
776,611,8,P¯edseda,1
777,611,6,MÌstop¯edseda,2
772,612,8,P¯edseda,1
773,612,6,MÌstop¯edseda,2
762,613,8,P¯edseda,1
763,613,6,MÌstop¯edseda,2
768,614,8,P¯edseda,1
769,614,6,MÌstop¯edseda,2
962,614,7,OvÏ¯ovatel v˝boru,10
770,615,8,P¯edseda,1
771,615,6,MÌstop¯edseda,2
760,616,8,P¯edseda,1
761,616,6,MÌstop¯edseda,2
994,616,7, OvÏ¯ovatel v˝boru,4
800,620,5,P¯edseda,1
869,620,3,MÌstop¯edseda,2
801,621,5,P¯edseda,1
867,622,5,P¯edseda,1
952,622,3,MÌstop¯edseda,2
803,623,5,P¯edseda,1
804,624,5,P¯edseda,1
805,625,5,P¯edseda,1
802,626,5,P¯edseda,1
866,626,3,MÌstop¯edseda,2
826,627,11, P¯edseda,1
827,627,10,MÌstop¯edseda,2
836,628,11,P¯edseda,1
837,628,10,MÌstop¯edseda,2
824,629,11,P¯edseda,1
825,629,10,MÌstop¯edseda,2
828,630,11,P¯edseda,1
829,630,10,MÌstop¯edseda,2
832,631,11,P¯edseda,1
833,631,10,MÌstop¯edseda,2
834,632,11,P¯edseda,1
835,632,10,MÌstop¯edseda,2
830,633,11,P¯edseda,1
831,633,10,MÌstop¯edseda,2
873,634,11,P¯edseda,1
874,634,10,MÌstop¯edseda,2
875,635,11,P¯edseda,1
876,635,10,MÌstop¯edseda,2
877,636,11,P¯edseda,1
878,636,10,MÌstop¯edseda,1
879,637,11,P¯edseda,1
880,637,10,MÌstop¯edseda,2
881,638,11,P¯edseda,1
882,638,10,MÌstop¯edseda,2
883,639,11,P¯edseda,1
884,639,10,MÌstop¯edseda,2
889,640,11,P¯edseda,1
890,641,11,P¯edseda,1
885,642,11,P¯edseda,1
926,642,10,MÌstop¯edseda,2
888,643,11,P¯edseda,1
887,644,11,P¯edseda,1
788,645,97,»len,5
789,645,98,N·hradnÌk,7
796,645,14,VedoucÌ delegace,1
868,646,13,P¯edseda,1
963,646,21,MÌstop¯edseda,2
797,647,14,VedoucÌ delegace,1
790,648,97,»len,5
791,648,98,N·hradnÌk,7
795,648,14,VedoucÌ delegace,1
794,649,14,VedoucÌ st·le delegace,1
792,650,97,»len,5
793,650,98,N·hradnÌk,7
798,650,14,VedoucÌ delegace,1
799,651,14,VedoucÌ delegace,1
818,652,99,GaranËnÌ p¯edseda,1
819,652,11,P¯edseda,2
820,652,10,MÌstop¯edseda,3
806,653,99,GaranËnÌ p¯edseda,1
807,653,11,P¯edseda,2
808,653,10,MÌstop¯edseda,3
809,654,99,GaranËnÌ p¯edseda,1
810,654,11,P¯edseda,2
811,654,10,MÌstop¯edseda,3
815,655,99,GaranËnÌ p¯edseda,1
816,655,11,P¯edseda,2
817,655,10,MÌstop¯edseda,3
821,656,99,GaranËnÌ p¯edseda,1
822,656,11,P¯edseda,2
823,656,10,MÌstop¯edseda,3
812,657,99,GaranËnÌ p¯edseda,1
813,657,11,P¯edseda,2
814,657,10,MÌstop¯edseda,3
838,658,11,P¯edseda,1
839,659,11,P¯edseda,1
939,659,10,MÌstop¯edseda,2
840,660,11,P¯edseda,1
841,660,11,P¯edseda,1
842,661,11,P¯edseda,1
917,661,10,MÌstop¯edseda,3
843,662,11,P¯edseda,1
844,662,10,MÌstop¯edseda,2
845,663,11,P¯edseda,1
846,663,10,MÌstop¯edseda,2
847,664,11,P¯edseda,1
848,664,10,MÌstop¯edseda,2
849,665,11,P¯edseda,1
850,665,10,MÌstop¯edseda,2
852,667,11,P¯edseda,1
853,667,10,MÌstop¯edseda,2
854,668,11,P¯edseda,1
855,668,10,MÌstop¯edseda,2
857,669,10,MÌstop¯edseda,2
856,669,11,P¯edseda,1
858,670,11,P¯edseda,1
859,670,10,MÌstop¯edseda,2
860,671,11,P¯edseda,1
861,671,10,MÌstop¯edseda,2
862,672,11,P¯edseda,1
863,672,10,MÌstop¯edseda,2
864,673,100,FinanËnÌ arbitr,111
865,673,101,Z·stupce finanËnÌho arbitra,112
870,674,11,P¯edseda,1
871,675,11,P¯edseda,1
872,676,11,P¯edseda,1
964,676,10,MÌstop¯edseda,2
886,677,11,P¯edseda,1
891,678,11,P¯edseda,1
892,678,10,MÌstop¯edseda,2
949,679,5,P¯edseda,1
893,680,19,p¯edseda MeziparlamentnÌ skupiny »R - ASEAN,1
910,680,102,»len,30
913,680,103,pozorovatel,4
894,681,19,p¯edseda MeziparlamentnÌ skupiny »R - Austr·lie a Nov˝ ZÈland,1
911,681,102,»len,30
914,681,19,pozorovatel,4
895,682,19,p¯edseda MeziparlamentnÌ skupiny »R - BENELUX,1
912,682,102,»len,30
896,683,19,p¯edseda MeziparlamentnÌ skuipny »R - Velk· Brit·nie,1
897,684,19,p¯edseda MeziparlamentnÌ skupiny - »R - »Ìna,1
898,685,19,p¯edseda MeziparlamentnÌ skupiny »R - Francie,1
969,685,20,MÌstop¯edseda,2
899,686,19,p¯edseda MeziparlamentnÌ skupiny »R - Irsko,1
900,687,19,p¯edseda MeziparlamentnÌ skupiny »R - It·lie,1
901,688,19,p¯edseda MeziparlamentnÌ skupiny »R - Izrael,1
902,689,19,p¯edseda MeziparlamentnÌ skupiny »R - Kanada,1
903,690,19,p¯edseda MeziparlamentnÌ skupiny »R - Kypr,1
904,691,19,p¯edseda MeziparlamentnÌ skupiny »R - Mongolsko,1
905,692,19,p¯edseda MeziparlamentnÌ skupiny »R - PobaltskÈ st·ty,1
906,693,19,p¯edseda MeziparlamentnÌ skupiny »R - severnÌ Afrika,1
907,694,19,p¯edseda MeziparlamentnÌ skupiny »R - Skandin·vskÈ st·ty,1
908,695,19,p¯edseda MeziparlamentnÌ skupiny »R - Slovinsko,1
909,696,19,p¯edseda MeziparlamentnÌ skupiny »R - USA,1
918,697,11,P¯edseda,1
919,697,10,MÌstop¯edseda,2
920,698,11,P¯edseda,1
921,698,10,MÌstop¯edseda,2
922,699,11,P¯edseda,1
923,699,10,MÌstop¯edseda,2
924,700,11,P¯edseda,1
925,700,10,MÌstop¯edseda,2
927,701,19,p¯edseda MeziparlamentnÌ skupiny »R - Kuvajt,1
928,702,19,p¯edseda MeziparlamentnÌ skupiny »R - Chorvatsko,1
929,703,19,p¯edseda MeziparlamentnÌ skupiny »R - Korea,1
930,704,19,p¯edseda MeziparlamentnÌ skupiny »R - Jihoafrick· republika,1
931,705,19,p¯edseda MeziparlamentnÌ skupiny »R - Subsaharsk· Afrika,1
932,706,19,p¯edsedkynÏ MeziparlamentnÌ skupiny »R - ÿecko,1
933,707,19,p¯edseda MeziparlamentnÌ skupiny »R - MaÔarsko,1
934,708,19,p¯edseda MeziparlamentnÌ skupiny »R - arabskÈ st·ty,1
935,709,19,p¯edseda MeziparlamentnÌ skupiny »R-Slovensko,1
936,710,19,p¯edseda MeziparlamentnÌ skupiny »R - NÏmecko,1
937,711,19,p¯edseda MeziparlamentnÌ skupiny »R - Rakousko,1
938,712,19,p¯edseda MeziparlamentnÌ skupiny »R - Rusko a Eurasie,1
941,714,19,p¯edseda MeziparlamentnÌ skupiny »R - Latinsk· Amerika,1
942,715,19,p¯edseda MeziparlamentnÌ skupiny »R - Polsko,1
943,716,19,p¯edseda MeziparlametnÌ skupiny »R - äv˝carsko,1
944,717,19,p¯edseda MeziparlamentÌ skupiny »R - Ukrajina,1
945,717,20,mÌstop¯edseda MeziparlamentnÌ skupiny »R - Ukrajina,2
946,718,19,P¯edseda MeziparlamentnÌ skupiny »R - Japonsko,1
961,718,20,MÌstop¯edseda MeziparlamentnÌ skupiny »R - Japonsko,2
947,719,19,p¯edsedkynÏ MeziparlamentnÌ skupiny »R - St¯ednÌ Amerika a Karibik,1
948,720,5,P¯edseda,1
958,721,5,p¯edseda,1
950,722,106,Pozorovatel,20
951,722,107,N·hradnÌk,30
966,722,109,Poslanec,10
959,723,5,p¯edseda,1
957,724,5,p¯edseda,1
953,725,11,P¯edseda,1
954,725,10,MÌstop¯edseda,2
955,726,11,P¯edseda,1
956,726,10,MÌstop¯edseda,2
965,729,108,P¯edseda,1
967,730,6,MÌstop¯edseda,2
968,730,8,P¯edseda,1
991,730,7,OvÏ¯ovatel v˝boru,3
970,731,15,P¯edseda,1
971,731,36,MÌstop¯edseda,2
972,731,62,Ministr spravedlnosti,112
973,731,104,Ministr dopravy,103
974,731,52,Ministr pr·ce a soci·lnÌch vÏcÌ,108
975,731,61,Ministr ûivotnÌho prost¯edÌ,117
976,731,60,Ministr vnitra,113
977,731,65,Ministr ökolstvÌ: ml·deûe a tÏlov˝chovy,111
978,731,56,Ministr kultury,106
979,731,58,Ministr zdravotnictvÌ,115
980,731,64,Ministr obrany,107
981,731,105,Ministr informatiky,105
982,731,57,Ministr zemÏdÏlstvÌ,116
983,731,55,Ministr pro mÌstnÌ rozvoj,109
984,731,53,Ministr financÌ,104
985,731,54,Ministr zahraniËnÌch vÏcÌ,114
986,731,59,Ministr pr˘myslu a obchodu,110
987,731,96,Ministr,201
995,733,11,P¯edseda,1
996,733,10,MÌstop¯edseda,2
997,734,11,P¯edseda,1
998,735,19,P¯edseda,1
999,736,19,P¯edseda,1
1000,737,11,P¯edseda,1
1002,737,10,MÌstop¯edseda,2
1023,738,11,P¯edseda,1
1024,738,10,MÌstop¯edseda,2
1001,739,11, P¯edseda,1
1021,739,10,MÌstop¯edseda,2
1022,739,112,OvÏ¯ovatel,40
1003,740,15,P¯edseda,1
1004,740,36,MÌstop¯edseda,2
1005,740,104,Ministr dopravy,103
1006,740,53,Ministr financÌ,104
1007,740,105,Ministr informatiky,105
1008,740,56,Ministr kultury,106
1009,740,64,Ministr obrany,107
1010,740,52,Ministr pr·ce a soci·lnÌch vÏcÌ,108
1011,740,55,Ministr pro mÌstnÌ rozvoj,109
1012,740,59,Ministr pr˘myslu a obchodu,110
1013,740,65,Ministr ökolstvÌ: ml·deûe a tÏlov˝chovy,111
1014,740,62,Ministr spravedlnosti,112
1015,740,60,Ministr vnitra,113
1016,740,54,Ministr zahraniËnÌch vÏcÌ,114
1017,740,58,Ministr zdravotnictvÌ,115
1018,740,57,Ministr zemÏdÏlstvÌ,116
1019,740,61,Ministr ûivotnÌho prost¯edÌ,117
1020,740,96,Ministr,201
1025,741,11,P¯edseda,1
1026,742,5,P¯edseda,1
1027,743,19,P¯edseda skupiny,1
1028,745,19,p¯edseda MeziparlamentnÌ skupiny »R - Bulharsko,1
1029,746,5,P¯edseda,1
1030,747,5,P¯edseda,1
1031,748,5,P¯edseda,1
1044,750,2,P¯edseda,1
1045,750,93,1. mÌstop¯edseda,5
1046,750,94,2: mÌstop¯edseda,6
1148,750,1,MÌstop¯edseda,30
1051,751,2,P¯edseda,1
1052,751,93,1. mÌstop¯edseda,5
1053,751,94,2. mÌstop¯edseda,6
1387,751,95,3. mÌstop¯edseda,7
1047,752,2,P¯edseda,1
1048,752,93,1. mÌstop¯edseda,4
1049,752,1,MÌstop¯edseda,10
1178,752,94, 2. mÌstop¯edseda,5
1179,752,95,3. mÌstop¯edseda,6
1180,752,111,4. mÌstop¯edseda,7
1050,753,2,P¯edseda,1
1054,753,93,1. mÌstop¯edseda,5
1055,753,94,2. mÌstop¯edseda,6
1056,753,95,3. mÌstop¯edseda,7
1057,753,111,4. mÌstop¯edseda,8
1058,753,114,5. mÌstop¯edseda,9
1164,753,1,MÌstop¯edseda,20
1165,754,2,P¯edseda,1
1166,754,93,1. mÌstop¯edseda,2
1167,754,1,MÌstop¯edseda,3
1059,755,5,P¯edseda,1
1060,755,3,MÌstop¯edseda,2
1061,755,4,OvÏ¯ovatel komise,5
1062,756,8,P¯edseda,1
1063,756,6,MÌstop¯edseda,2
1064,756,7,OvÏ¯ovatel v˝boru,5
1067,757,15,P¯edseda,1
1068,757,36,MÌstop¯edseda,2
1069,757,104,Ministr dopravy,103
1070,757,53,Ministr financÌ,104
1071,757,59,Ministr pr˘myslu a obchodu,110
1072,757,52,Ministr pr·ce a soci·lnÌch vÏcÌ,108
1073,757,54,Ministr zahraniËnÌch vÏcÌ,114
1074,757,65,Ministr ökolstvÌ: ml·deûe a tÏlov˝chovy,111
1075,757,56,Ministr kultury,106
1076,757,58,Ministr zdravotnictvÌ,115
1077,757,62,Ministr spravedlnosti,112
1078,757,60,Ministr vnitra,113
1079,757,105,Ministr informatiky,105
1080,757,55,Ministr pro mÌstnÌ rozvoj,109
1081,757,57,Ministr zemÏdÏlstvÌ,116
1082,757,64,Ministr obrany,107
1083,757,61,Ministr ûivotnÌho prost¯edÌ,117
1084,758,8,P¯edseda,1
1085,758,6,MÌstop¯edseda,2
1086,758,7,OvÏ¯ovatel v˝boru,5
1087,759,8,P¯edseda,1
1088,759,6,MÌstop¯edseda,2
1089,759,7,OvÏ¯ovatel v˝boru,5
1090,760,8,P¯edseda,1
1091,760,6,MÌstop¯edseda,2
1092,760,7,OvÏ¯ovatel v˝boru,5
1093,761,8,P¯edseda,1
1094,761,6,MÌstop¯edseda,10
1095,761,7,OvÏ¯ovatel v˝boru,20
1137,761,6,1. mistopredseda,2
1138,761,6,2. mistopredseda,3
1139,761,6,3. mistopredseda,4
1140,761,6,4. mistopredseda,5
1141,761,6,5. mistopredseda,6
1142,761,6,6. mistopredseda,7
1096,762,8,P¯edseda,1
1097,762,6,MÌstop¯edseda,2
1098,762,7,OvÏ¯ovatel v˝boru,5
1099,763,8,P¯edseda,1
1100,763,6,MÌstop¯edseda,2
1101,763,7,OvÏ¯ovatel v˝boru,5
1102,764,8,P¯edseda,1
1103,764,6,MÌstop¯edseda,2
1104,764,7,OvÏ¯ovatel v˝boru,5
1105,765,8,P¯edseda,1
1106,765,6,MÌstop¯edseda,2
1107,765,7,OvÏ¯ovatel v˝boru,5
1108,766,8,P¯edseda,1
1109,766,6,MÌstop¯edseda,2
1110,766,7,OvÏ¯ovatel v˝boru,5
1111,767,8,P¯edseda,1
1112,767,6,MÌstop¯edseda,2
1113,767,7,OvÏ¯ovatel v˝boru,5
1114,768,8,P¯edseda,1
1115,768,6,MÌstop¯edseda,2
1116,768,7,OvÏ¯ovatel v˝boru,5
1117,769,8,P¯edseda,1
1118,769,6,MÌstop¯edseda,2
1119,769,7,OvÏ¯ovatel v˝boru,5
1120,770,8,P¯edseda,1
1121,770,6,MÌstop¯edseda,2
1122,770,7,OvÏ¯ovatel v˝boru,5
1123,771,8,P¯edseda,1
1124,771,6,MÌstop¯edseda,2
1125,771,7,OvÏ¯ovatel v˝boru,5
1126,772,8,P¯edseda,1
1127,772,6,MÌstop¯edseda,2
1128,772,7,OvÏ¯ovatel v˝boru,5
1129,773,8,P¯edseda,1
1130,773,6,MÌstop¯edseda,2
1131,773,7,OvÏ¯ovatel v˝boru,5
1143,774,11,P¯edseda,2
1144,774,10,MÌstop¯edseda,3
1145,774,112,OvÏ¯ovatel,40
1146,775,11,P¯edseda,1
1187,775,10,mÌstop¯edseda,2
1147,776,11,P¯edseda,1
1161,776,10,MÌstop¯edseda,2
1149,777,11, P¯edseda,1
1150,777,10,MÌstop¯edseda,2
1151,778,11,P¯edseda,1
1152,778,10,MÌstop¯edseda,2
1153,779,11,P¯edseda,1
1154,779,10,MÌstop¯edseda,2
1155,780,11,P¯edseda,1
1156,780,10,MÌstop¯edseda,2
1157,781,11,P¯edseda,1
1158,781,10,MÌstop¯edseda,2
1159,782,11,P¯edseda,1
1267,782,10,MÌstop¯edseda,2
1268,782,112,OvÏ¯ovatel,10
1160,783,11,P¯edseda,1
1269,783,10,MÌstop¯edseda,2
1270,783,112,OvÏ¯ovatel,10
1162,784,11,P¯edseda,1
1307,784,10,MÌstop¯edseda,2
1163,785,11,P¯edseda,1
1168,786,11,P¯edseda,1
1169,786,10,MÌstop¯edseda,2
1170,787,11,P¯edseda,1
1171,787,10,MÌstop¯edseda,2
1172,788,11,P¯edseda,1
1173,788,10,MÌstop¯edseda,2
1174,789,11,P¯edseda,1
1175,790,11,P¯edseda,1
1217,790,10,MÌstop¯edseda,2
1176,791,11,P¯edseda,1
1282,791,10,MÌstop¯edseda,2
1177,792,11,P¯edseda,1
1183,793,11,P¯edseda,1
1184,793,10,MÌstop¯edseda,2
1185,794,11,P¯edseda,1
1186,794,10,MÌstop¯edseda,2
1181,795,11,P¯edseda,1
1182,795,10,MÌstop¯edseda,2
1231,796,5,P¯edseda,1
1304,796,3,MÌstop¯edseda,2
1232,797,5,P¯edseda,1
1233,798,5,P¯edseda,1
1287,798,3,MÌstop¯edseda,2
1234,799,5,P¯edseda,1
1305,799,3,MÌstop¯edseda,2
1188,800,97,»len,10
1189,800,98,N·hradnÌk,20
1237,800,14,VedoucÌ delegace,1
1382,801,14,VedoucÌ delegace,1
1190,802,97,»len,10
1191,802,98,N·hradnÌk,20
1235,802,14,VedoucÌ delegace,1
1236,803,14,VedoucÌ delegace,1
1192,804,97,»len,10
1193,804,98,N·hradnÌk,20
1238,805,14,VedoucÌ delegace,1
1194,806,11,P¯edseda,1
1281,806,10,MÌstop¯edseda,2
1195,807,11,P¯edseda,1
1214,807,10,MÌstop¯edsedkynÏ,2
1196,808,11,P¯edseda,1
1225,808,10,MÌstop¯edseda,2
1293,809,5,P¯edseda,1
1383,809,3,MÌstop¯edseda,2
1384,809,4,OvÏ¯ovatel komise,3
1294,810,5,P¯edseda,1
1316,810,3,MÌstop¯edseda,2
1296,811,5,P¯edseda,1
1290,812,5,P¯edseda,1
1386,812,3,MÌstop¯edseda,2
1291,813,5,P¯edseda,1
1292,814,5,P¯edseda,1
1303,814,3,MÌstop¯edseda,2
1197,815,11,P¯edseda,1
1402,815,10,MÌstop¯edseda,2
1198,816,11,P¯edseda,1
1199,817,11,P¯edseda,1
1278,818,11,P¯edseda,1
1298,818,10,MÌstop¯edseda,2
1277,819,11,P¯edseda,1
1385,819,10,MÌstop¯edseda,2
1279,820,11,P¯edseda,1
1299,820,10,MÌstop¯edseda,2
1200,821,11,P¯edseda,1
1201,821,10,MÌstop¯edseda,2
1202,822,10,MÌstop¯edseda,2
1203,822,11,P¯edseda,1
1204,823,11,P¯edseda,1
1205,823,10,MÌstop¯edseda,2
1206,824,11,P¯edseda,1
1207,824,10,MÌstop¯edseda,2
1208,825,11,P¯edseda,1
1209,825,10,MÌstop¯edseda,2
1210,826,11,P¯edseda,1
1211,826,10,MÌstop¯edseda,2
1212,827,8,P¯edseda,1
1213,827,6,MÌstop¯edseda,2
1215,828,11,P¯edseda,1
1216,828,10,MÌstop¯edseda,2
1283,829,11,P¯edseda,1
1284,829,10,MÌstop¯edseda,2
1285,830,11,P¯edseda,1
1300,830,10,MÌstop¯edseda,2
1295,831,5,P¯edseda,1
1222,832,119,P¯edseda,31
1407,832,126,Inspektor,50
1223,833,119,P¯edseda,31
1230,834,119,P¯edseda,31
1221,834,117,»len,50
1226,836,120,GuvernÈr,21
1227,836,122,ViceguvernÈr,29
1228,836,121,VrchnÌ ¯editel,41
1395,836,124,»len bankovnÌ rady,55
1219,837,118,ÿeditel,30
1224,838,118,ÿeditel,30
1239,839,119,P¯edseda,1
1240,840,119,P¯edseda,1
1241,841,119,P¯edseda,1
1242,842,119,P¯edseda,1
1243,843,119,P¯edseda,1
1244,844,119,P¯edseda,1
1245,845,119,P¯edseda,1
1246,846,119,P¯edseda,1
1247,847,123,VedoucÌ,1
1248,848,118,ÿeditel,1
1249,849,15,P¯edseda,1
1250,849,36,MÌstop¯edseda,2
1251,849,55,Ministr pro mÌstnÌ rozvoj,109
1252,849,61,Ministr ûivotnÌho prost¯edÌ,117
1253,849,52,Ministr pr·ce a soci·lnÌch vÏcÌ,108
1254,849,60,Ministr vnitra,113
1255,849,105,Ministr informatiky,105
1256,849,54,Ministr zahraniËnÌch vÏcÌ,114
1257,849,64,Ministr obrany,107
1258,849,59,Ministr pr˘myslu a obchodu,110
1259,849,58,Ministr zdravotnictvÌ,115
1260,849,62,Ministr spravedlnosti,112
1261,849,53,Ministr financÌ,104
1262,849,65,Ministr ökolstvÌ: ml·deûe a tÏlov˝chovy,111
1263,849,104,Ministr dopravy,103
1264,849,57,Ministr zemÏdÏlstvÌ,116
1265,849,56,Ministr kultury,106
1266,849,96,Ministr,201
1271,851,11,P¯edseda,1
1272,851,10,MÌstop¯edseda,2
1273,852,2,P¯edseda,1
1274,852,1,MÌstop¯edseda,10
1275,852,93,1. mistopredseda,2
1276,853,11,P¯edseda,1
1306,853,10,MÌstop¯edseda,2
1280,854,11,P¯edseda,1
1297,854,10,MÌstop¯edseda,2
1289,857,11,P¯edseda,1
1312,857,10,MÌstop¯edseda,2
1313,857,112,OvÏ¯ovatel,5
1288,858,11,P¯edseda,1
1310,858,10,MÌstop¯edseda,2
1311,858,112,OvÏ¯ovatel,5
1301,859,11,P¯edseda,1
1398,859,10,MÌstop¯edseda,2
1302,860,11,P¯edseda,1
1314,860,10,MÌstop¯edseda,2
1315,860,112,OvÏ¯ovatel,5
1308,861,11,P¯edseda,1
1309,861,10,MÌstop¯edseda,2
1375,862,5,P¯edseda,1
1437,863,2,P¯edseda,1
1438,863,1,1. mÌstop¯edseda,11
1439,863,1,2. mÌstop¯edseda,12
1440,863,1,3. mÌstop¯edseda,13
1441,863,1,4. mÌstop¯edseda,14
1442,863,1,5. mÌstop¯edseda,15
1443,863,1,6. mÌstop¯edseda,16
1444,863,1,7. mÌstop¯edseda,17
1507,863,1,MÌstop¯edseda,2
1450,864,2,P¯edseda,1
1451,864,93,1. mÌstop¯edseda,4
1452,864,1,2. mÌstop¯edseda,12
1453,864,1,3. mÌstop¯edseda,13
1454,864,1,4. mÌstop¯edseda,14
1455,864,1,5. mÌstop¯edseda,15
1456,864,129,»len p¯edsednictva,30
1673,864,1,MÌstop¯edseda,8
1445,865,2,P¯edseda,1
1446,865,1,1. mÌstop¯edseda,11
1447,865,1,2. mÌstop¯edseda,12
1448,865,1,3. mÌstop¯edseda,13
1449,865,1,4. mÌstop¯edseda,14
1434,866,2,P¯edseda,1
1435,866,93,1. mÌstop¯edseda,4
1436,866,1,MÌstop¯edseda,5
1457,867,2,P¯edseda,1
1523,867,1,MÌstop¯edseda,2
1524,867,93,1. mÌstop¯edseda,3
1525,867,94,2. mÌstop¯edseda,4
1526,867,95,3. mÌstop¯edseda,5
1527,867,111,4. mÌstop¯edseda,6
1317,871,19,P¯edseda,1
1318,871,20,MÌstop¯edseda,2
1388,872,19,P¯edseda,1
1327,874,19,P¯edseda,1
1328,874,20,MÌstop¯edseda,2
1319,875,19,P¯edseda,1
1320,875,20,MÌstop¯edseda,2
1345,876,19,P¯edseda,1
1346,877,19,P¯edseda,1
1347,877,20,MÌstop¯edseda,2
1329,878,19,P¯edseda,1
1330,878,20,MÌstop¯edseda,2
1348,879,19,P¯edseda,1
1349,879,20,MÌstop¯edseda,2
1333,880,19,P¯edseda,1
1334,880,20,MÌstop¯edseda,2
1350,881,19,P¯edseda,1
1351,881,20,MÌstop¯edseda,2
1331,882,19,P¯edseda,1
1332,882,20,MÌstop¯edseda,2
1323,883,19,P¯edseda,1
1324,883,20,MÌstop¯edseda,2
1352,884,19,P¯edseda,1
1353,884,20,MÌstop¯edseda,2
1335,885,19,P¯edseda,1
1336,885,20,MÌstop¯edseda,2
1337,886,19,P¯edseda,1
1338,886,20,MÌstop¯edseda,2
1339,887,19,P¯edseda,1
1340,887,20,MÌstop¯edseda,2
1354,889,19,P¯edseda,1
1355,889,20,MÌstop¯edseda,2
1393,890,19,P¯edseda,1
1394,891,19,P¯edseda,1
1356,892,19,P¯edseda,1
1357,892,20,MÌstop¯edseda,2
1390,893,19,P¯edseda,1
1358,894,19,P¯edseda,1
1359,894,20,MÌstop¯edseda,2
1360,895,19,P¯edseda,1
1361,895,20,MÌstop¯edseda,2
1372,896,19,P¯edseda,1
1343,897,19,P¯edseda,1
1344,897,20,MÌstop¯edseda,2
1362,898,19,P¯edseda,1
1363,898,20,MÌstop¯edseda,2
1401,898,20,2. mÌstop¯edseda,5
1379,900,19,P¯edseda,1
1373,901,19,P¯edseda,1
1364,902,19,P¯edseda,1
1365,902,20,MÌstop¯edseda,2
1381,903,19,P¯edseda,1
1341,904,19,P¯edseda,1
1342,904,20,MÌstop¯edseda,2
1366,906,19,P¯edseda,1
1367,906,20,MÌstop¯edseda,2
1380,907,19,P¯edseda,1
1325,908,19,P¯edseda,1
1326,908,20,MÌstop¯edseda,2
1378,909,19,P¯edseda,1
1377,910,19,P¯edseda,1
1321,911,19,P¯edseda,1
1322,911,20,MÌstop¯edseda,2
1368,912,11,P¯edseda,1
1369,912,10,MÌstop¯edseda,2
1370,913,11,P¯edseda,1
1376,913,10,MÌstop¯edseda,2
1371,914,11,P¯edseda,1
1389,914,10,MÌstop¯edseda,2
1374,915,19,P¯edseda,1
1391,923,11,P¯edseda,1
1392,923,10,MÌstop¯edseda,2
1396,924,5, P¯edseda,1
1397,924,3,MÌstop¯edseda,2
1399,930,19,P¯edseda,1
1400,931,125,InternÌ audior,1000
1403,933,11,P¯edseda,1
1404,933,10,MÌstop¯edseda,2
1405,935,19,P¯edseda,1
1429,936,5,P¯edseda,1
1406,938,11,P¯edseda,1
1408,939,19,P¯edseda,1
1409,940,15,P¯edseda,1
1410,940,36,MÌstop¯edseda,2
1411,940,53,Ministr financÌ,104
1412,940,64,Ministr obrany,107
1413,940,54,Ministr zahraniËnÌch vÏcÌ,114
1414,940,127,Ministr pro evropskÈ z·leûitosti,170
1415,940,60,Ministr vnitra,113
1416,940,59,Ministr pr˘myslu a obchodu,110
1417,940,62,Ministr spravedlnosti,112
1418,940,52,Ministr pr·ce a soci·lnÌch vÏcÌ,108
1419,940,104,Ministr dopravy,103
1420,940,57,Ministr zemÏdÏlstvÌ,116
1421,940,58,Ministr zdravotnictvÌ,115
1422,940,65,Ministr ökolstvÌ: ml·deûe a tÏlov˝chovy,111
1423,940,61,Ministr ûivotnÌho prost¯edÌ,117
1424,940,56,Ministr kultury,106
1425,940,55,Ministr pro mÌstnÌ rozvoj,109
1426,940,96,Ministr,201
429,941,19,P¯edseda ParlamentnÌ skupiny p¯·tel »R - zemÏ LatinskÈ Ameriky,1
423,942,19,P¯edseda ParlamentnÌ skupiny p¯·tel »R - Estonsko,1
1430,943,19,P¯edseda,1
1431,944,19,P¯edseda,1
1432,946,19,P¯edseda,1
1433,947,19,P¯edseda,1
1490,950,8,P¯edseda,1
1493,950,6,MÌstop¯edseda,2
1461,951,15,P¯edseda vl·dy,1
1508,951,36,MÌstop¯edseda,2
1509,951,54,Ministr zahraniËnÌch vÏcÌ,101
1510,951,60,Ministr vnitra,102
1511,951,53,Ministr financÌ,103
1512,951,64,Ministr obrany,104
1513,951,59,Ministr pr˘myslu a obchodu,105
1514,951,62,Ministr spravedlnosti,106
1515,951,52,Ministr pr·ce a soci·lnÌch vÏcÌ,107
1516,951,104,Ministr dopravy,108
1517,951,57,Ministr zemÏdÏlstvÌ,109
1518,951,58,Ministr zdravotnictvÌ,110
1519,951,65,Ministr ökolstvÌ: ml·deûe a tÏlov˝chovy,111
1520,951,61,Ministr ûivotnÌho prost¯edÌ,112
1521,951,56,Ministr kultury,113
1522,951,55,Ministr pro mÌstnÌ rozvoj,114
1715,951,96,Ministr,1000
1465,952,5,P¯edseda,1
1466,952,3,MÌstop¯edseda,2
1467,952,4,OvÏ¯ovatel komise,5
1475,953,8,P¯edseda,1
1476,953,6,MÌstop¯edseda,2
1489,954,8,P¯edseda,1
1494,954,6,MÌstop¯edseda,2
1717,954,7,OvÏ¯ovatel,100
1471,955,8,P¯edseda,1
1474,955,6,MÌstop¯edseda,20
1491,956,8,P¯edseda,1
1492,956,6,MÌstop¯edseda,2
1535,956,7,OvÏ¯ovatel v˝boru,6
1488,957,8,P¯edseda,1
1495,957,6,MÌstop¯edseda,2
1503,957,7,OvÏ¯ovatel v˝boru,3
1487,958,8,P¯edseda,1
1496,958,6,MÌstop¯edseda,2
1504,958,8,P¯edseda,1
1505,958,7,OvÏ¯ovatel v˝boru,3
1477,959,8,P¯edseda,1
1478,959,6,MÌstop¯edseda,2
1528,959,115,1. mÌstop¯edseda,3
1529,959,116,2. mÌstop¯edseda,4
1530,959,130,3. mÌstop¯edseda,5
1531,959,131,4. mÌstop¯edseda,6
1532,959,132,5. mÌstop¯edseda,7
1533,959,133,6. mÌstop¯edseda,8
1534,959,134,7. mÌstop¯edseda,9
1472,960,8,P¯edseda,1
1473,960,6,MÌstop¯edseda,2
1716,960,7,OvÏ¯ovatel,100
1479,961,8,P¯edseda,1
1480,961,6,MÌstop¯edseda,2
1486,962,8,P¯edseda,1
1497,962,6,MÌstop¯edseda,2
1484,963,8,P¯edseda,1
1499,963,6,MÌstop¯edseda,2
1468,964,8,P¯edseda,1
1469,964,6,MÌstop¯edseda,2
1470,964,7,OvÏ¯ovatel v˝boru,3
1485,965,8,P¯edseda,1
1498,965,6,MÌstop¯edseda,2
1483,966,8,P¯edseda,1
1500,966,6,MÌstop¯edseda,2
1482,967,8,P¯edseda,1
1501,967,6,MÌstop¯edseda,2
1481,968,8,P¯edseda,1
1502,968,6,MÌstop¯edseda,2
1506,968,7,OvÏ¯ovatel v˝boru,3
1583,969,5,P¯edseda,1
1670,969,3,MÌstop¯edseda,10
1588,970,5,P¯edseda,1
1617,970,4,OvÏ¯ovatel komise,3
1618,970,3,MÌstop¯edseda,2
1584,971,5,P¯edseda,1
1596,971,3,MÌstop¯edseda,2
1586,972,5,P¯edseda,1
1585,973,5,P¯edseda,1
1587,974,5,P¯edseda,1
1594,975,14,VedoucÌ delegace,2
1590,976,14,VedoucÌ delegace,2
1540,977,11,p¯edseda,1
1659,977,10,mÌstop¯edseda,2
1536,978,11,p¯edseda,1
1674,978,10,mÌstop¯edsedkynÏ,2
1537,979,11, p¯edsedkynÏ,1
1669,979,10,mÌstop¯edseda,2
1538,980,11,p¯edseda,1
1636,980,10,mÌstop¯edseda,2
1539,981,11,p¯edsedkynÏ,1
1606,981,10,mÌstop¯edsedkynÏ,2
1562,982,11,P¯edseda,2
1561,983,11,P¯edseda,2
1560,984,11,P¯edseda,2
1558,985,11,P¯edseda,2
1559,986,11,P¯edseda,2
1563,987,11,P¯edseda,2
1554,988,11,P¯edseda,2
1604,988,10,MÌstop¯edseda,10
1548,989,11,P¯edseda,2
1661,989,10,MÌstop¯edseda,3
1556,990,11,P¯edseda,2
1665,990,10,MÌstop¯edseda,3
1550,991,11,P¯edseda,2
1662,991,10,MÌstop¯edseda,3
1549,992,11,P¯edseda,2
1660,992,10,MÌstop¯edseda,3
1555,993,11,P¯edseda,2
1605,993,10,MÌstop¯edseda,10
1541,994,11,P¯edseda,1
1711,994,10,MÌstop¯edseda,2
1542,995,11,P¯edseda,1
1602,995,10,MÌstop¯edseda,10
1543,996,11,P¯edseda,1
1595,996,10,MÌstop¯edseda,2
1544,997,11,P¯edseda,1
1603,997,10,MÌstop¯edseda,10
1551,998,11,P¯edseda,2
1552,999,11,P¯edseda,2
1564,1000,11,P¯edseda,2
1614,1000,10,MÌstop¯edseda,3
1565,1001,11,P¯edseda,2
1613,1001,10,MÌstop¯edseda,3
1566,1002,11,P¯edseda,2
1612,1002,10,MÌstop¯edseda,3
1557,1003,11,P¯edseda,2
1610,1003,10,MÌstop¯edseda,10
1553,1004,11,P¯edseda,2
1611,1004,10,MÌstop¯edseda,10
1545,1005,11,P¯edseda,2
1546,1006,11,P¯edseda,2
1547,1007,11,P¯edseda,2
1714,1007,10,MÌstop¯edseda,3
1567,1013,13,P¯edseda,1
1568,1013,21,MÌstop¯edseda,3
1569,1013,97,»len,5
1570,1013,98,N·hradnÌk,7
1589,1013,14,VedoucÌ delegace,2
1571,1014,13,P¯edseda,1
1572,1014,21,MÌstop¯edseda,3
1573,1014,97,»len,5
1574,1014,98,N·hradnÌk,7
1591,1014,14,VedoucÌ delegace,2
1575,1015,13,P¯edseda,1
1576,1015,21,MÌstop¯edseda,3
1577,1015,97,»len,5
1578,1015,98,N·hradnÌk,7
1592,1015,14,VedoucÌ delegace,2
1579,1016,13,P¯edseda,1
1580,1016,21,MÌstop¯edseda,3
1581,1016,97,»len,5
1582,1016,98,N·hradnÌk,7
1593,1016,14,VedoucÌ delegace,2
1601,1017,11,P¯edseda,2
1598,1018,11,P¯edseda,2
1597,1019,11,P¯edseda,2
1663,1019,10,MÌstop¯edseda,3
1599,1020,11,P¯edseda,1
1616,1020,10,MÌstop¯edseda,2
1672,1020,112,OvÏ¯ovatel podv˝boru,5
1600,1021,11,P¯edseda,2
1615,1021,10,MÌstop¯edseda,2
1668,1021,112,OvÏ¯ovatel podv˝boru,5
1658,1023,11,P¯edseda,1
1664,1023,10,MÌstop¯edseda,3
1607,1025,11,P¯edseda,1
1671,1025,10,MÌstop¯edseda,10
1608,1026,11,P¯edseda,1
1609,1027,11,P¯edseda,1
1619,1028,19,P¯edseda,1
1666,1028,20,1. mÌstop¯edseda,3
1667,1028,20,2. mÌstop¯edseda,4
1620,1029,19,P¯edseda,1
1621,1030,19,P¯edseda,1
1622,1031,19,P¯edseda,1
1623,1032,19,P¯edseda,1
1624,1033,19,P¯edseda,1
1625,1034,19,P¯edseda,1
1626,1035,19,P¯edseda,1
1627,1036,19,P¯edseda,1
1628,1037,19,P¯edseda,1
1712,1037,20,MÌstop¯edseda,2
1629,1038,19,P¯edseda,1
1630,1039,19,P¯edseda,1
1631,1040,19,P¯edseda,1
1632,1041,19,P¯edseda,1
1633,1042,19,P¯edseda,1
1634,1043,19,P¯edseda,1
1635,1044,19,P¯edseda,1
1637,1045,19,P¯edseda,1
1638,1046,19,P¯edseda,1
1639,1047,19,P¯edseda,1
1640,1048,19,P¯edseda,1
1641,1049,19,P¯edseda,1
1642,1050,19,P¯edseda,1
1643,1050,19,P¯edseda,1
1644,1051,19,P¯edseda,1
1645,1051,20,MÌstop¯edseda,2
1646,1052,19,P¯edseda,1
1647,1053,19,P¯edseda,1
1648,1054,19,P¯edseda,1
1649,1055,19,P¯edseda,1
1650,1056,19,P¯edseda,1
1651,1057,19,P¯edseda,1
1652,1058,19,P¯edseda,1
1653,1059,19,P¯edseda,1
1654,1060,19,P¯edseda,1
1655,1061,19,P¯edseda,1
1656,1062,19,P¯edseda,1
1657,1063,19,P¯edseda,1
1675,1067,19,P¯edseda,1
1676,1068,19,P¯edseda,1
1677,1069,19,P¯edseda,1
1678,1070,19,P¯edseda,1
1679,1071,19,P¯edseda,1
1680,1072,19,P¯edseda,1
1681,1073,19,P¯edseda,1
1682,1074,19,P¯edseda,1
1683,1075,19,P¯edseda,1
1713,1076,5,P¯edseda,1
1684,1077,88,»len,100
1686,1078,8,P¯edseda,1
1688,1078,6,MÌstop¯edseda,50
1685,1079,8,P¯edseda,1
1687,1079,6,MÌstop¯edseda,20
1695,1080,11,P¯edseda,1
1699,1080,10,MÌstop¯edseda,10
1694,1081,11,P¯edseda,1
1693,1082,11,P¯edseda,1
1703,1082,10,MÌstop¯edseda,10
1689,1083,10,MÌstop¯edseda,10
1690,1083,11,P¯edseda,1
1691,1084,11,P¯edseda,1
1692,1084,10,MÌstop¯edseda,10
1696,1085,11,P¯edseda,1
1709,1085,10,MÌstop¯edseda,10
1697,1086,11,P¯edseda,1
1708,1086,10,MÌstop¯edseda,10
1698,1087,11,P¯edseda,1
1710,1087,10,MÌstop¯edseda,10
1700,1088,19,P¯edseda,1
1701,1089,19,P¯edseda,1
1702,1090,19,P¯edseda,1
1704,1091,19,P¯edseda,1
1705,1092,19,P¯edseda,1
1706,1093,19,P¯edseda,1
1707,1094,19,P¯edseda,1
1718,1102,118,ÿeditel,10
1719,1103,15,P¯edseda,1
1720,1103,36,MÌstop¯edseda,2
1721,1103,104,Ministr dopravy,103
1722,1103,53,Ministr financÌ,104
1723,1103,113,Ministr hospod·¯stvÌ,105
1724,1103,56,Ministr kultury,106
1725,1103,64,Ministr obrany,107
1726,1103,52,Ministr pr·ce a soci·lnÌch vÏcÌ,108
1727,1103,55,Ministr pro mÌstnÌ rozvoj,109
1728,1103,59,Ministr pr˘myslu a obchodu,110
1729,1103,65,Ministr ökolstvÌ: ml·deûe a tÏlov˝chovy,111
1730,1103,62,Ministr spravedlnosti,112
1731,1103,60,Ministr vnitra,113
1732,1103,54,Ministr zahraniËnÌch vÏcÌ,114
1733,1103,58,Ministr zdravotnictvÌ,115
1734,1103,57,Ministr zemÏdÏlstvÌ,116
1735,1103,61,Ministr ûivotnÌho prost¯edÌ,117
1736,1103,96,Ministr,201
1747,1106,2,P¯edseda,1
1748,1106,1,MÌstop¯edseda,20
1764,1106,93,1. mÌstop¯edseda,11
1765,1106,129,»len p¯edsednictva,50
1741,1107,2,P¯edseda,1
1742,1107,1,MÌstop¯edseda,20
1805,1107,93,1. mÌstop¯edseda,2
1739,1108,2,P¯edseda,1
1740,1108,1,MÌstop¯edseda,2
1752,1108,1,1. mÌstop¯edseda,11
1753,1108,1,2. mÌstop¯edseda,12
2034,1108,1,3. mÌstop¯edseda,13
2035,1108,1,4. mÌstop¯edseda,14
2036,1108,1,5. mÌstop¯edseda,15
1743,1109,2,P¯edseda,1
1744,1109,1,MÌstop¯edseda,11
1751,1109,93,1. mÌstop¯edseda,3
1745,1110,2,P¯edseda,1
1746,1110,1,1. mÌstop¯edseda,12
1754,1110,1,2. mÌstop¯edseda,13
1806,1110,1,MÌstop¯edseda,40
1749,1111,2,P¯edseda,1
1750,1111,1,MÌstop¯edseda,2
1859,1111,93,1. mÌstop¯edseda,11
1860,1111,94,2. mÌstop¯edseda,12
1737,1112,2,P¯edseda,1
1738,1112,1,1. mÌstop¯edseda,2
1761,1112,1,2. mÌstop¯edseda,4
1762,1112,1,3. mÌstop¯edseda,5
1763,1112,1,4. mÌstop¯edseda,6
1755,1113,88,»len volen˝ z kandid·t˘ navrûen˝ch prezidentem republiky,10
1756,1113,88,»len volen˝ z kandid·t˘ navrûen˝ch obËansk˝mi sdruûenÌmi,20
1757,1113,88,»len volen˝ z kandid·t˘ navrûen˝ch Poslaneckou snÏmovnou,15
1768,1115,8,P¯edseda,1
1769,1115,6,MÌstop¯edseda,9
1808,1115,7,OvÏ¯ovatel v˝boru,20
1766,1116,5,P¯edseda,1
1767,1116,3,MÌstop¯edseda,2
1829,1116,4,OvÏ¯ovatel komise,5
1776,1117,8,P¯edseda,1
1777,1117,6,MÌstop¯edseda,9
1811,1117,7,OvÏ¯ovatel v˝boru,20
1778,1118,8,P¯edseda,1
1779,1118,6,MÌstop¯edseda,9
1812,1118,7,OvÏ¯ovatel v˝boru,20
1772,1119,8,P¯edseda,1
1773,1119,6,MÌstop¯edseda,9
1810,1119,7,OvÏ¯ovatel v˝boru,20
1774,1120,8,P¯edseda,1
1775,1120,6,MÌstop¯edseda,9
1782,1121,8,P¯edseda,1
1783,1121,6,MÌstop¯edseda,9
1814,1121,7,OvÏ¯ovatel v˝boru,20
1786,1122,8,P¯edseda,1
1787,1122,6,MÌstop¯edseda,9
1816,1122,7,OvÏ¯ovatel v˝boru,20
1770,1123,8,P¯edseda,1
1771,1123,6,MÌstop¯edseda,9
1809,1123,7,OvÏ¯ovatel v˝boru,20
1780,1124,8,P¯edseda,1
1781,1124,6,MÌstop¯edseda,9
1813,1124,7,OvÏ¯ovatel v˝boru,20
1788,1125,8,P¯edseda,1
1789,1125,6,MÌstop¯edseda,9
1817,1125,7,OvÏ¯ovatel v˝boru,20
1784,1126,8,P¯edseda,1
1785,1126,6,MÌstop¯edseda,9
1815,1126,7,OvÏ¯ovatel v˝boru,20
1790,1127,8,P¯edseda,1
1791,1127,6,MÌstop¯edseda,9
1818,1127,7,OvÏ¯ovatel v˝boru,20
1796,1128,8,P¯edseda,1
1797,1128,6,MÌstop¯edseda,9
1821,1128,7,OvÏ¯ovatel v˝boru,20
1792,1129,8,P¯edseda,1
1793,1129,6,MÌstop¯edseda,9
1819,1129,7,OvÏ¯ovatel v˝boru,20
1794,1130,8,P¯edseda,1
1795,1130,6,MÌstop¯edseda,9
1820,1130,7,OvÏ¯ovatel v˝boru,20
1798,1131,8,P¯edseda,1
1799,1131,6,MÌstop¯edseda,9
1807,1131,7,OvÏ¯ovatel v˝boru,4
1800,1132,8,P¯edseda,1
1801,1132,6,MÌstop¯edseda,9
1822,1132,7,OvÏ¯ovatel v˝boru,20
1802,1133,8,P¯edseda,1
1803,1133,6,1. mÌstop¯edseda,9
1823,1133,7,OvÏ¯ovatel v˝boru,20
2037,1133,6,2. mÌstop¯edseda,10
2038,1133,6,3. mÌstop¯edseda,11
2039,1133,6,4. mÌstop¯edseda,12
2040,1133,6,5. mÌstop¯edseda,13
2041,1133,6,6. mÌstop¯edseda,14
1824,1134,5,P¯edseda,1
1825,1134,3,MÌstop¯edseda,2
1826,1134,4,OvÏ¯ovatel komise,5
1827,1135,5,P¯edseda,1
1828,1135,3,MÌstop¯edseda,2
1830,1136,5,P¯edseda,1
1831,1136,3,MÌstop¯edseda,2
1832,1136,4,OvÏ¯ovatel komise,5
1833,1137,5,P¯edseda,1
1834,1137,3,MÌstop¯edseda,2
1835,1137,4,OvÏ¯ovatel komise,5
1836,1138,5,P¯edseda,1
1837,1138,3,MÌstop¯edseda,2
1838,1138,4,OvÏ¯ovatel komise,5
1839,1139,5,P¯edseda,1
1840,1139,3,MÌstop¯edseda,2
1841,1139,4,OvÏ¯ovatel komise,5
1843,1140,14,VedoucÌ delegace,2
1853,1140,97,»len,5
1854,1140,98,N·hradnÌk,7
1842,1141,14,VedoucÌ delegace,2
1855,1141,97,»len,5
1856,1141,98,N·hradnÌk,7
1844,1142,14,VedoucÌ delegace,2
1851,1142,97,»len,5
1852,1142,98,N·hradnÌk,7
1845,1143,14,VedoucÌ delegace,2
1849,1143,97,»len,5
1850,1143,98,N·hradnÌk,7
1846,1144,14,VedoucÌ delegace,2
1847,1144,97,»len,5
1848,1144,98,N·hradnÌk,7
1861,1145,11,P¯edseda,1
1947,1146,11,P¯edseda,1
1994,1146,10,MÌstop¯edseda,2
2006,1146,112,OvÏ¯ovatel,50
1949,1147,11,P¯edseda,1
2005,1147,112,OvÏ¯ovatel,50
1948,1148,11,P¯edseda,1
2011,1148,10,mÌstop¯edseda,3
2030,1148,112,OvÏ¯ovatel,7
1862,1149,19,P¯edseda,1
1863,1150,11,P¯edseda,1
1864,1150,10,MÌstop¯edseda,2
1865,1151,11,P¯edseda,1
1866,1151,10,MÌstop¯edsedkynÏ,2
1869,1152,11,P¯edseda,1
1870,1152,10,MÌstop¯edseda,2
1867,1153,11,P¯edseda,1
1868,1153,10,MÌstop¯edseda,2
1871,1154,11,P¯edseda,1
1872,1154,10,MÌstop¯edseda,2
1976,1161,11,P¯edseda,2
1977,1161,10,MÌstop¯edseda,3
1974,1162,11,P¯edseda,2
1975,1162,10,MÌstop¯edseda,3
2007,1163,11,P¯edseda,1
2008,1163,10,mÌstop¯edseda,2
2019,1163,112,OvÏ¯ovatel,3
1873,1164,15,P¯edseda,1
1874,1164,36,MÌstop¯edseda,2
1875,1164,53,Ministr financÌ,104
1876,1164,56,Ministr kultury,106
1877,1164,64,Ministr obrany,107
1878,1164,52,Ministr pr·ce a soci·lnÌch vÏcÌ,108
1879,1164,60,Ministr vnitra,113
1880,1164,54,Ministr zahraniËnÌch vÏcÌ,114
1881,1164,61,Ministr ûivotnÌho prost¯edÌ,117
1882,1164,58,Ministr zdravotnictvÌ,115
1883,1164,62,Ministr spravedlnosti,112
1884,1164,55,Ministr pro mÌstnÌ rozvoj,109
1885,1164,65,Ministr ökolstvÌ: ml·deûe a tÏlov˝chovy,111
1886,1164,57,Ministr zemÏdÏlstvÌ,116
1887,1164,59,Ministr pr˘myslu a obchodu,110
1888,1164,104,Ministr dopravy,103
1889,1164,96,Ministr,201
1890,1166,19,P¯edseda,1
1891,1167,19,P¯edseda,1
1892,1168,19,P¯edseda,1
1893,1169,19,P¯edseda,1
1894,1170,19,P¯edseda,1
1895,1171,19,P¯edseda,1
1896,1172,19,P¯edseda,1
1897,1173,19,P¯edseda,1
1898,1174,19,P¯edseda,1
1899,1175,19,P¯edseda,1
1900,1176,19,P¯edseda,1
2023,1176,20,MÌstop¯edseda,2
1901,1177,19,P¯edseda,1
1902,1178,19,P¯edseda,1
1903,1179,19,P¯edseda,1
1904,1180,19,P¯edseda,1
1905,1181,19,P¯edseda,1
1906,1182,19,P¯edseda,1
1907,1183,19,P¯edseda,1
1908,1184,19,P¯edseda,1
1909,1185,19,P¯edseda,1
1910,1186,19,P¯edseda,1
1911,1187,19,P¯edseda,1
1912,1188,19,P¯edseda,1
1913,1189,19,P¯edseda,1
1914,1190,19,P¯edseda,1
1915,1191,19,P¯edseda,1
1916,1192,19,P¯edseda,1
1917,1193,19,P¯edseda,1
1918,1194,19,P¯edseda,1
1919,1195,19,P¯edseda,1
1920,1196,19,P¯edseda,1
1921,1197,19,P¯edseda,1
1922,1198,19,P¯edseda,1
1923,1199,19,P¯edseda,1
1987,1200,11,P¯edseda,2
1988,1200,10,MÌstop¯edseda,3
1989,1200,112,OvÏ¯ovatel,40
1990,1201,11,P¯edseda,2
1991,1201,10,MÌstop¯edseda,3
1992,1201,112,OvÏ¯ovatel,40
2016,1202,11,P¯edseda,1
2017,1202,10,mÌstop¯edseda,2
2018,1202,112,OvÏ¯ovatel,3
1924,1203,19,P¯edseda,1
1925,1204,19,P¯edseda,1
1926,1205,19,P¯edseda,1
1927,1206,19,P¯edseda,1
1928,1207,19,P¯edseda,1
1929,1208,19,P¯edseda,1
1930,1209,19,P¯edseda,1
1931,1210,19,P¯edseda,1
1932,1211,19,P¯edseda,1
1933,1212,19,P¯edseda,1
1934,1213,19,P¯edseda,1
1935,1214,19,P¯edseda,1
1936,1215,19,P¯edseda,1
1937,1216,19,P¯edseda,1
1938,1217,19,P¯edseda,1
1941,1218,11,P¯edseda,2
1942,1218,10,MÌstop¯edseda,3
1939,1219,11,P¯edseda,2
1940,1219,10,MÌstop¯edseda,3
1995,1219,112,OvÏ¯ovatel,50
1943,1220,11,P¯edseda,2
1944,1220,10,MÌstop¯edseda,3
1945,1221,11,P¯edseda,2
1946,1222,11,P¯edseda,2
2046,1222,10,mÌstop¯edseda,3
1951,1223,11,P¯edseda,1
1971,1223,10,MÌstop¯edseda,3
1950,1224,11,P¯edseda,1
1970,1224,10,MÌstop¯edseda,3
1954,1225,11,P¯edseda,1
2009,1225,10,mÌstop¯edseda,2
1953,1226,11,P¯edseda,1
2029,1226,10,MÌstop¯edseda,10
1952,1227,11,P¯edseda,1
1965,1227,10,MÌstop¯edseda,3
1955,1228,11,p¯edsedkynÏ,1
1956,1228,10,mÌstop¯edseda,2
1957,1229,11,p¯edseda,1
1958,1229,10,mÌstop¯edsedkynÏ,2
2027,1230,11,P¯edseda,1
2028,1230,10,MÌstop¯edseda,10
1972,1231,11,P¯edseda,2
1973,1231,10,MÌstop¯edseda,3
1966,1232,11,P¯edseda,2
1967,1232,10,MÌstop¯edseda,3
1968,1233,11,P¯edseda,2
1969,1233,10,MÌstop¯edseda,3
1959,1234,11,P¯edseda,2
1960,1234,10,MÌstop¯edseda,3
1963,1235,11,P¯edseda,2
1964,1235,10,MÌstop¯edseda,3
1961,1236,11,P¯edseda,2
1962,1236,10,MÌstop¯edseda,3
1980,1237,11,P¯edseda,1
1978,1238,11,P¯edseda,1
1979,1239,11,P¯edseda,1
2057,1239,10,MÌstop¯edseda,10
1999,1240,11,P¯edseda,2
2000,1240,10,MÌstop¯edseda,3
2001,1240,112,OvÏ¯ovatel,40
1996,1241,11,P¯edseda,2
1997,1241,10,MÌstop¯edseda,3
1998,1241,112,OvÏ¯ovatel,40
2002,1242,11,P¯edseda,2
2003,1242,10,MÌstop¯edseda,3
2004,1242,112,OvÏ¯ovatel,40
1984,1243,11,P¯edseda,1
1983,1244,11,P¯edseda,1
1985,1245,11,P¯edseda,1
2061,1245,10,MÌstop¯edseda,20
1986,1246,11,P¯edseda,1
1981,1247,5,P¯edseda,1
1982,1247,3,MÌstop¯edseda,2
1993,1247,4,OvÏ¯ovatel,50
2014,1248,11,P¯edseda,1
2015,1248,10,mÌstop¯edseda,2
2021,1249,11,P¯edseda,1
2022,1249,10,mÌstop¯edseda,2
2012,1250,11,P¯edseda,1
2013,1250,10,mÌstop¯edseda,2
2010,1251,19,P¯edseda,1
2024,1253,19,P¯edseda,1
2025,1254,19,P¯edseda,1
2026,1255,19,P¯edseda,1
2044,1258,5,P¯edseda,1
2042,1259,11,P¯edseda,1
2043,1259,11,MÌstop¯edseda,10
2045,1260,19,P¯edseda,1
2047,1261,19,p¯edseda,1
2048,1262,19,p¯edseda,1
2049,1263,19,p¯edseda,1
2050,1272,11,P¯edseda,1
2051,1272,10,MÌstop¯edseda,2
2052,1273,11,P¯edseda,1
2053,1273,10,MÌstop¯edseda,5
2054,1274,5,P¯edseda,1
2055,1275,19,P¯edseda,1
2056,1276,19,P¯edseda,1
2058,1278,135,MÌstop¯edseda,10
2059,1279,5,P¯edseda,10
2060,1279,3,MÌstop¯edseda,20
2062,1280,19,P¯edseda,1
2063,1281,19,P¯edseda,1
2064,1282,5,P¯edseda,1
